Team	Pos	Name	Club	Age	Caps	Goals	Captain?																		
Czech Republic	GK	Matěj Kovář	PSV Eindhoven	26	19	0																			
Czech Republic	GK	Jindřich Staněk	Slavia Prague	30	14	0																			
Czech Republic	GK	Lukáš Horníček	Braga	23	1	0																			
Czech Republic	DF	Vladimír Coufal	TSG Hoffenheim	33	61	2																			
Czech Republic	DF	Tomáš Holeš	Slavia Prague	33	40	2																			
Czech Republic	DF	Ladislav Krejčí	Wolverhampton Wanderers	27	26	5	Captain																		
Czech Republic	DF	David Zima	Slavia Prague	25	24	1																			
Czech Republic	DF	Jaroslav Zelený	Sparta Prague	33	22	0																			
Czech Republic	DF	David Jurásek	Slavia Prague	25	17	1																			
Czech Republic	DF	David Douděra	Slavia Prague	28	16	2																			
Czech Republic	DF	Robin Hranáč	TSG Hoffenheim	26	13	1																			
Czech Republic	DF	Štěpán Chaloupek	Slavia Prague	23	4	0																			
Czech Republic	MF	Tomáš Souček	West Ham United	31	89	17																			
Czech Republic	MF	Vladimír Darida	Hradec Králové	35	78	8																			
Czech Republic	MF	Lukáš Provod	Slavia Prague	29	37	3																			
Czech Republic	MF	Michal Sadílek	Slavia Prague	27	34	1																			
Czech Republic	MF	Pavel Šulc	Lyon	25	20	5																			
Czech Republic	MF	Lukáš Červ	Viktoria Plzeň	25	16	2																			
Czech Republic	MF	Hugo Sochůrek	Sparta Prague	18	1	0																			
Czech Republic	MF	Alexandr Sojka	Viktoria Plzeň	23	1	0																			
Czech Republic	MF	Denis Višinský	Viktoria Plzeň	23	1	0																			
Czech Republic	FW	Patrik Schick	Bayer Leverkusen	30	52	25																			
Czech Republic	FW	Adam Hložek	TSG Hoffenheim	23	42	5																			
Czech Republic	FW	Jan Kuchta	Sparta Prague	29	31	3																			
Czech Republic	FW	Mojmír Chytil	Slavia Prague	27	22	6																			
Czech Republic	FW	Tomáš Chorý	Slavia Prague	31	21	6																			
Mexico	GK	Raúl Rangel	Guadalajara	26	13	0																			
Mexico	DF	Jorge Sánchez	PAOK	28	58	3																			
Mexico	DF	César Montes	Lokomotiv Moscow	29	66	4																			
Mexico	MF	Edson Álvarez	Fenerbahçe	28	97	7	Captain																		
Mexico	DF	Johan Vásquez	Genoa	27	45	2																			
Mexico	MF	Érik Lira	Cruz Azul	26	24	0																			
Mexico	MF	Luis Romo	Guadalajara	31	62	4																			
Mexico	MF	Álvaro Fidalgo	Real Betis	29	3	0																			
Mexico	FW	Raúl Jiménez	Fulham	35	123	44																			
Mexico	FW	Alexis Vega	Toluca	28	51	7																			
Mexico	FW	Santiago Giménez	Milan	25	47	6																			
Mexico	GK	Carlos Acevedo	Santos Laguna	30	7	0																			
Mexico	GK	Guillermo Ochoa	AEL Limassol	40	152	0																			
Mexico	FW	Armando González	Guadalajara	23	7	1																			
Mexico	DF	Israel Reyes	América	26	33	2																			
Mexico	FW	Julián Quiñones	Al-Qadsiah	29	21	2																			
Mexico	MF	Orbelín Pineda	AEK Athens	30	91	12																			
Mexico	MF	Obed Vargas	Atlético Madrid	20	6	0																			
Mexico	MF	Gilberto Mora	Tijuana	17	7	0																			
Mexico	DF	Mateo Chávez	AZ	22	9	0																			
Mexico	FW	César Huerta	Anderlecht	25	26	3																			
Mexico	FW	Guillermo Martínez	UNAM	31	11	3																			
Mexico	DF	Jesús Gallardo	Toluca	31	120	3																			
Mexico	MF	Luis Chávez	Dynamo Moscow	30	44	4																			
Mexico	MF	Roberto Alvarado	Guadalajara	27	66	5																			
Mexico	MF	Brian Gutiérrez	Guadalajara	22	6	2																			
South Africa	GK	Ronwen Williams	Mamelodi Sundowns	34	62	0	Captain																		
South Africa	GK	Ricardo Goss	Siwelele	32	4	0																			
South Africa	GK	Sipho Chaine	Orlando Pirates	29	3	0																			
South Africa	DF	Aubrey Modiba	Mamelodi Sundowns	30	44	3																			
South Africa	DF	Khuliso Mudau	Mamelodi Sundowns	31	32	1																			
South Africa	DF	Nkosinathi Sibisi	Orlando Pirates	30	19	0																			
South Africa	DF	Mbekezeli Mbokazi	Chicago Fire FC	20	10	1																			
South Africa	DF	Ime Okon	Hannover 96	22	7	1																			
South Africa	DF	Samukele Kabini	Molde	22	5	0																			
South Africa	DF	Khulumani Ndamane	Mamelodi Sundowns	22	5	0																			
South Africa	DF	Thabang Matuludi	Polokwane City	27	2	0																			
South Africa	DF	Kamogelo Sebelebele	Orlando Pirates	23	2	0																			
South Africa	DF	Bradley Cross	Kaizer Chiefs	25	0	0																			
South Africa	DF	Olwethu Makhanya	Philadelphia Union	22	0	0																			
South Africa	MF	Teboho Mokoena	Mamelodi Sundowns	29	51	9																			
South Africa	MF	Sphephelo Sithole	Tondela	27	27	1																			
South Africa	MF	Thalente Mbatha	Orlando Pirates	26	14	3																			
South Africa	MF	Jayden Adams	Mamelodi Sundowns	25	4	0																			
South Africa	FW	Themba Zwane	Mamelodi Sundowns	36	53	12																			
South Africa	FW	Lyle Foster	Burnley	26	26	10																			
South Africa	FW	Evidence Makgopa	Orlando Pirates	26	26	6																			
South Africa	FW	Oswin Appollis	Orlando Pirates	24	25	8																			
South Africa	FW	Iqraam Rayners	Mamelodi Sundowns	30	13	4																			
South Africa	FW	Relebohile Mofokeng	Orlando Pirates	21	12	0																			
South Africa	FW	Thapelo Maseko	AEL Limassol	22	9	1																			
South Korea	FW	Tshepang Moremi	Orlando Pirates	25	9	1																			
South Korea	GK	Jo Hyeon-woo	Ulsan HD	34	47	0																			
South Korea	GK	Song Bum-keun	Jeonbuk Hyundai Motors	28	2	0																			
South Korea	DF	Kim Min-jae	Bayern Munich	29	77	4																			
South Korea	DF	Kim Moon-hwan	Daejeon Hana Citizen	30	34	0																			
South Korea	DF	Seol Young-woo	Red Star Belgrade	27	32	0																			
South Korea	DF	Cho Yu-min	Sharjah	29	18	0																			
South Korea	DF	Lee Tae-seok	Austria Wien	23	14	1																			
South Korea	DF	Park Jin-seob	Zhejiang FC	30	12	1																			
South Korea	DF	Kim Tae-hyeon	Kashima Antlers	25	7	0																			
South Korea	DF	Lee Han-beom	Midtjylland	23	6	0																			
South Korea	DF	Jens Castrop	Borussia Mönchengladbach	22	5	0																			
South Korea	DF	Lee Ki-hyuk	Gangwon FC	25	1	0																			
South Korea	MF	Lee Jae-sung	Mainz 05	33	103	15																			
South Korea	MF	Hwang Hee-chan	Wolverhampton Wanderers	30	77	16																			
South Korea	MF	Hwang In-beom	Feyenoord	29	71	6																			
South Korea	MF	Lee Kang-in	Paris Saint-Germain	25	46	11																			
South Korea	MF	Paik Seung-ho	Birmingham City	29	25	3																			
South Korea	MF	Kim Jin-gyu	Jeonbuk Hyundai Motors	29	20	3																			
South Korea	MF	Lee Dong-gyeong	Ulsan HD	28	16	3																			
South Korea	MF	Bae Jun-ho	Stoke City	22	12	2																			
South Korea	MF	Eom Ji-sung	Swansea City	24	8	2																			
South Korea	MF	Yang Hyun-jun	Celtic	24	8	0																			
South Korea	FW	Son Heung-min	Los Angeles FC	33	142	54	Captain																		
South Korea	FW	Cho Gue-sung	Midtjylland	28	42	10																			
South Korea	FW	Oh Hyeon-gyu	Beşiktaş	25	26	6																			
Canada	GK	Dayne St. Clair	Inter Miami CF	29	19	0																			
Canada	GK	Maxime Crépeau	Orlando City SC	32	30	0																			
Canada	GK	Owen Goodman	Barnsley	22	0	0																			
Canada	DF	Alistair Johnston	Celtic	27	56	1																			
Canada	DF	Luc de Fougerolles	Dender	20	11	0																			
Canada	DF	Alfie Jones	Middlesbrough	28	1	0																			
Canada	DF	Joel Waterman	Chicago Fire FC	30	17	0																			
Canada	DF	Derek Cornelius	Rangers	28	42	1																			
Canada	DF	Moïse Bombito	Nice	26	19	0																			
Canada	DF	Alphonso Davies	Bayern Munich	25	58	15	Captain																		
Canada	DF	Richie Laryea	Toronto FC	31	73	1																			
Canada	DF	Niko Sigur	Hajduk Split	22	17	2																			
Canada	MF	Mathieu Choinière	Los Angeles FC	27	22	0																			
Canada	MF	Stephen Eustáquio	Los Angeles FC	29	54	4																			
Canada	MF	Ismaël Koné	Sassuolo	23	38	4																			
Canada	MF	Liam Millar	Hull City	26	39	1																			
Canada	MF	Jacob Shaffelburg	Los Angeles FC	26	31	6																			
Canada	MF	Tajon Buchanan	Villarreal	27	58	8																			
Canada	MF	Ali Ahmed	Norwich City	25	24	1																			
Canada	MF	Jonathan Osorio	Toronto FC	33	89	9																			
Canada	MF	Nathan Saliba	Anderlecht	22	13	2																			
Canada	FW	Cyle Larin	Southampton	31	88	30																			
Canada	FW	Jonathan David	Juventus	26	75	39																			
Canada	FW	Tani Oluwaseyi	Villarreal	26	22	2																			
Canada	FW	Promise David	Union Saint-Gilloise	24	8	3																			
Bosnia and Herzegovina	GK	Nikola Vasilj	FC St. Pauli	30	25	0																			
Bosnia and Herzegovina	GK	Martin Zlomislić	Rijeka	27	2	0																			
Bosnia and Herzegovina	GK	Osman Hadžikić	Slaven Belupo	30	0	0																			
Bosnia and Herzegovina	DF	Sead Kolašinac	Atalanta	32	64	0																			
Bosnia and Herzegovina	DF	Dennis Hadžikadunić	Sampdoria	27	30	0																			
Bosnia and Herzegovina	DF	Amar Dedić	Benfica	23	26	1																			
Bosnia and Herzegovina	DF	Nikola Katić	Schalke 04	29	15	1																			
Bosnia and Herzegovina	DF	Tarik Muharemović	Sassuolo	23	12	1																			
Bosnia and Herzegovina	DF	Nihad Mujakić	Gaziantep	28	10	1																			
Bosnia and Herzegovina	DF	Stjepan Radeljić	Rijeka	28	4	0																			
Bosnia and Herzegovina	DF	Nidal Čelik	Lens	19	0	0																			
Bosnia and Herzegovina	MF	Amir Hadžiahmetović	Hull City	29	34	0																			
Bosnia and Herzegovina	MF	Benjamin Tahirović	Brøndby	23	26	2																			
Bosnia and Herzegovina	MF	Armin Gigović	Young Boys	24	18	1																			
Bosnia and Herzegovina	MF	Dženis Burnić	Karlsruher SC	28	18	0																			
Bosnia and Herzegovina	MF	Ivan Bašić	Astana	24	15	0																			
Bosnia and Herzegovina	MF	Esmir Bajraktarević	PSV Eindhoven	21	14	1																			
Bosnia and Herzegovina	MF	Amar Memić	Viktoria Plzeň	25	11	1																			
Bosnia and Herzegovina	MF	Ivan Šunjić	Pafos	29	11	0																			
Bosnia and Herzegovina	MF	Kerim Alajbegović	Red Bull Salzburg	18	8	1																			
Bosnia and Herzegovina	MF	Ermin Mahmić	Slovan Liberec	21	0	0																			
Bosnia and Herzegovina	FW	Edin Džeko	Schalke 04	40	148	73	Captain																		
Bosnia and Herzegovina	FW	Ermedin Demirović	VfB Stuttgart	28	38	4																			
Bosnia and Herzegovina	FW	Samed Baždar	Jagiellonia Białystok	22	11	1																			
Bosnia and Herzegovina	FW	Haris Tabaković	Borussia Mönchengladbach	31	10	4																			
Bosnia and Herzegovina	FW	Jovo Lukić	Universitatea Cluj	27	1	0																			
Qatar	GK	Mahmud Abunada	Al-Rayyan	26	4	0																			
Qatar	GK	Salah Zakaria	Al-Duhail	27	8	0																			
Qatar	GK	Meshaal Barsham	Al-Sadd	28	52	0																			
Qatar	DF	Pedro Miguel	Al-Sadd	35	98	3																			
Qatar	DF	Lucas Mendes	Al-Wakrah	35	25	1																			
Qatar	DF	Issa Laye	Al-Arabi	28	3	0																			
Qatar	DF	Jassem Gaber	Al-Rayyan	24	31	1																			
Qatar	DF	Ayoub Al-Oui	Al-Gharafa	21	5	0																			
Qatar	DF	Homam Ahmed	Cultural Leonesa	26	67	3																			
Qatar	DF	Boualem Khoukhi	Al-Sadd	35	115	20																			
Qatar	DF	Sultan Al-Brake	Al-Duhail	30	16	0																			
Qatar	DF	Al-Hashmi Al-Hussain	Al-Arabi	22	7	0																			
Qatar	MF	Abdulaziz Hatem	Al-Rayyan	36	117	11																			
Qatar	MF	Karim Boudiaf	Al-Duhail	35	117	5																			
Qatar	MF	Ahmed Al-Ganehi	Al-Gharafa	25	13	1																			
Qatar	MF	Ahmed Fathy	Al-Arabi	33	47	0																			
Qatar	MF	Assim Madibo	Al-Wakrah	29	50	0																			
Qatar	FW	Ahmed Alaaeldin	Al-Rayyan	33	67	9																			
Qatar	FW	Edmilson Junior	Al-Duhail	31	15	0																			
Qatar	FW	Mohammed Muntari	Al-Gharafa	32	67	16																			
Qatar	FW	Hassan Al-Haydos	Al-Sadd	35	185	41	Captain																		
Qatar	FW	Akram Afif	Al-Sadd	29	124	39																			
Qatar	FW	Yusuf Abdurisag	Al-Wakrah	26	38	3																			
Qatar	FW	Almoez Ali	Al-Duhail	29	115	55																			
Qatar	FW	Tahsin Jamshid	Al-Duhail	19	2	0																			
Qatar	FW	Mohamed Manai	Al-Shamal	23	9	0																			
Switzerland	GK	Gregor Kobel	Borussia Dortmund	28	20	0																			
Switzerland	GK	Yvon Mvogo	Lorient	32	13	0																			
Switzerland	GK	Marvin Keller	Young Boys	23	1	0																			
Switzerland	DF	Miro Muheim	Hamburger SV	28	9	0																			
Switzerland	DF	Silvan Widmer	Mainz 05	33	59	5																			
Switzerland	DF	Nico Elvedi	Borussia Mönchengladbach	29	66	3																			
Switzerland	DF	Manuel Akanji	Inter Milan	30	80	4																			
Switzerland	DF	Ricardo Rodriguez	Real Betis	33	137	9																			
Switzerland	DF	Eray Cömert	Valencia	28	21	0																			
Switzerland	DF	Aurèle Amenda	Eintracht Frankfurt	22	6	0																			
Switzerland	DF	Luca Jaquez	VfB Stuttgart	23	3	0																			
Switzerland	MF	Denis Zakaria	Monaco	29	64	3																			
Switzerland	MF	Remo Freuler	Bologna	34	87	11																			
Switzerland	MF	Johan Manzambi	SC Freiburg	20	11	3																			
Switzerland	MF	Granit Xhaka	Sunderland	33	145	17	Captain																		
Switzerland	MF	Ardon Jashari	Milan	23	7	0																			
Switzerland	MF	Djibril Sow	Sevilla	29	51	0																			
Switzerland	MF	Christian Fassnacht	Young Boys	32	22	5																			
Switzerland	MF	Michel Aebischer	Pisa	29	39	2																			
Switzerland	MF	Fabian Rieder	FC Augsburg	24	27	1																			
Switzerland	FW	Breel Embolo	Rennes	29	86	24																			
Switzerland	FW	Dan Ndoye	Nottingham Forest	25	30	7																			
Switzerland	FW	Rubén Vargas	Sevilla	27	61	11																			
Switzerland	FW	Noah Okafor	Leeds United	26	24	2																			
Switzerland	FW	Zeki Amdouni	Burnley	25	28	11																			
Switzerland	FW	Cedric Itten	Fortuna Düsseldorf	29	14	5																			
Brazil	GK	Alisson	Liverpool	33	76	0																			
Brazil	GK	Ederson	Fenerbahçe	32	31	0																			
Brazil	GK	Weverton	Grêmio	38	10	0																			
Brazil	DF	Marquinhos	Paris Saint-Germain	32	104	7																			
Brazil	DF	Danilo Luiz	Flamengo	34	68	1																			
Brazil	DF	Alex Sandro	Flamengo	35	43	2																			
Brazil	DF	Gabriel Magalhães	Arsenal	28	17	1																			
Brazil	DF	Bremer	Juventus	29	6	1																			
Brazil	DF	Wesley	Roma	22	6	0																			
Brazil	DF	Roger Ibañez	Al-Ahli	27	5	0																			
Brazil	DF	Douglas Santos	Zenit Saint Petersburg	32	5	0																			
Brazil	DF	Léo Pereira	Flamengo	30	2	0																			
Brazil	MF	Casemiro	Manchester United	34	84	8	Captain																		
Brazil	MF	Lucas Paquetá	Flamengo	28	61	12																			
Brazil	MF	Bruno Guimarães	Newcastle United	28	41	2																			
Brazil	MF	Fabinho	Al-Ittihad	32	31	0																			
Brazil	MF	Danilo Santos	Botafogo	25	2	1																			
Brazil	FW	Neymar	Santos	34	128	79																			
Brazil	FW	Vinícius Júnior	Real Madrid	25	47	8																			
Brazil	FW	Raphinha	Barcelona	29	37	11																			
Brazil	FW	Gabriel Martinelli	Arsenal	24	22	4																			
Brazil	FW	Matheus Cunha	Manchester United	27	21	1																			
Brazil	FW	Endrick	Lyon	19	15	3																			
Brazil	FW	Luiz Henrique	Zenit Saint Petersburg	25	13	2																			
Brazil	FW	Igor Thiago	Brentford	24	2	1																			
Brazil	FW	Rayan	Bournemouth	19	1	0																			
Haiti	GK	Johny Placide	Bastia	38	79	0	Captain																		
Haiti	GK	Alexandre Pierre	Sochaux	25	14	0																			
Haiti	GK	Josué Duverger	Cosmos Koblenz [de]	26	6	0																			
Haiti	DF	Ricardo Adé	LDU Quito	36	57	2																			
Haiti	DF	Carlens Arcus	Angers	29	51	1																			
Haiti	DF	Martin Expérience	Nancy	27	19	0																			
Haiti	DF	Jean-Kévin Duverne	Gent	28	15	1																			
Haiti	DF	Duke Lacroix	Colorado Springs Switchbacks FC	32	14	2																			
Haiti	DF	Wilguens Paugain	Zulte Waregem	24	6	0																			
Haiti	DF	Hannes Delcroix	Lugano	27	5	0																			
Haiti	DF	Keeto Thermoncy	Young Boys	20	1	0																			
Haiti	MF	Leverton Pierre	Vizela	28	33	0																			
Haiti	MF	Danley Jean Jacques	Philadelphia Union	26	28	6																			
Haiti	MF	Carl Sainté	El Paso Locomotive FC	23	25	0																			
Haiti	MF	Jean-Ricner Bellegarde	Wolverhampton Wanderers	27	8	0																			
Haiti	MF	Woodensky Pierre	Violette	21	1	0																			
Haiti	MF	Dominique Simon	Tatran Prešov	25	0	0																			
Haiti	FW	Duckens Nazon	Esteghlal	32	76	44																			
Haiti	FW	Frantzdy Pierrot	Çaykur Rizespor	31	49	33																			
Haiti	FW	Derrick Etienne Jr.	Toronto FC	29	46	8																			
Haiti	FW	Louicius Deedson	FC Dallas	25	30	10																			
Haiti	FW	Ruben Providence	Almere City	24	13	2																			
Haiti	FW	Josué Casimir	Auxerre	24	5	0																			
Haiti	FW	Yassin Fortuné	Vizela	27	3	0																			
Haiti	FW	Wilson Isidor	Sunderland	25	2	1																			
Haiti	FW	Lenny Joseph	Ferencváros	25	0	0																			
Morocco	GK	Yassine Bounou	Al-Hilal	35	89	0																			
Morocco	GK	Munir Mohamedi	RS Berkane	37	51	0																			
Morocco	GK	Ahmed Reda Tagnaouti	AS FAR	30	3	0																			
Morocco	DF	Achraf Hakimi	Paris Saint-Germain	27	95	11	Captain																		
Morocco	DF	Nayef Aguerd	Marseille	30	64	2																			
Morocco	DF	Noussair Mazraoui	Manchester United	28	43	2																			
Morocco	DF	Youssef Belammari	Al Ahly	27	16	0																			
Morocco	DF	Anass Salah-Eddine	PSV Eindhoven	24	8	0																			
Morocco	DF	Chadi Riad	Crystal Palace	22	4	1																			
Morocco	DF	Issa Diop	Fulham	29	2	0																			
Morocco	DF	Zakaria El Ouahdi	Genk	24	2	0																			
Morocco	DF	Redouane Halhal	Mechelen	23	1	0																			
Morocco	MF	Sofyan Amrabat	Real Betis	29	73	0																			
Morocco	MF	Azzedine Ounahi	Girona	26	47	9																			
Morocco	MF	Bilal El Khannouss	VfB Stuttgart	22	35	3																			
Morocco	MF	Ismael Saibari	PSV Eindhoven	25	28	7																			
Morocco	MF	Neil El Aynaoui	Roma	24	15	2																			
Morocco	MF	Samir El Mourabet	Strasbourg	19	2	0																			
Morocco	MF	Ayyoub Bouaddi	Lille	18	1	0																			
Morocco	FW	Ayoub El Kaabi	Olympiacos	32	57	22																			
Morocco	FW	Soufiane Rahimi	Al Ain	30	35	11																			
Morocco	FW	Abde Ezzalzouli	Real Betis	24	35	2																			
Morocco	FW	Brahim Díaz	Real Madrid	26	24	13																			
Morocco	FW	Chemsdine Talbi	Sunderland	21	5	0																			
Morocco	FW	Gessime Yassine	Strasbourg	20	3	0																			
Morocco	FW	Ayoube Amaimouni	Eintracht Frankfurt	21	0	0																			
Scotland	GK	Craig Gordon	Heart of Midlothian	43	84	0																			
Scotland	GK	Angus Gunn	Nottingham Forest	30	21	0																			
Scotland	GK	Liam Kelly	Rangers	30	3	0																			
Scotland	DF	Andy Robertson	Liverpool	32	93	4	Captain																		
Scotland	DF	Grant Hanley	Hibernian	34	67	2																			
Scotland	DF	Kieran Tierney	Celtic	29	55	2																			
Scotland	DF	Scott McKenna	Dinamo Zagreb	29	50	1																			
Scotland	DF	Jack Hendry	Al-Ettifaq	31	37	3																			
Scotland	DF	Nathan Patterson	Everton	24	26	1																			
Scotland	DF	Anthony Ralston	Celtic	27	26	1																			
Scotland	DF	John Souttar	Rangers	29	23	2																			
Scotland	DF	Aaron Hickey	Brentford	24	20	0																			
Scotland	DF	Dominic Hyam	Wrexham	30	3	0																			
Scotland	MF	John McGinn	Aston Villa	31	85	20																			
Scotland	MF	Scott McTominay	Napoli	29	69	14																			
Scotland	MF	Ryan Christie	Bournemouth	31	67	10																			
Scotland	MF	Kenny McLean	Norwich City	34	57	3																			
Scotland	MF	Lewis Ferguson	Bologna	26	23	1																			
Scotland	MF	Ben Gannon-Doak	Bournemouth	20	13	1																			
Scotland	MF	Findlay Curtis	Kilmarnock	20	2	1																			
Scotland	MF	Tyler Fletcher	Manchester United	19	1	0																			
Scotland	FW	Lyndon Dykes	Charlton Athletic	30	51	10																			
Scotland	FW	Ché Adams	Torino	29	46	11																			
Scotland	FW	Lawrence Shankland	Heart of Midlothian	30	19	6																			
Scotland	FW	George Hirst	Ipswich Town	27	9	1																			
Scotland	FW	Ross Stewart	Southampton	29	2	0																			
Australia	GK	Mathew Ryan	Levante	34	104	0	Captain																		
Australia	GK	Paul Izzo	Randers	31	4	0																			
Australia	GK	Patrick Beach	Melbourne City	22	1	0																			
Australia	DF	Aziz Behich	Melbourne City	35	83	3																			
Australia	DF	Miloš Degenek	APOEL	32	56	1																			
Australia	DF	Harry Souttar	Leicester City	27	37	11																			
Australia	DF	Jordan Bos	Feyenoord	23	26	4																			
Australia	DF	Cameron Burgess	Swansea City	30	26	0																			
Australia	DF	Jason Geria	Albirex Niigata	33	13	0																			
Australia	DF	Alessandro Circati	Parma	22	12	1																			
Australia	DF	Kai Trewin	New York City	25	5	0																			
Australia	DF	Jacob Italiano	Grazer AK	24	4	0																			
Australia	DF	Lucas Herrington	Colorado Rapids	18	3	0																			
Australia	MF	Jackson Irvine	FC St. Pauli	33	81	14																			
Australia	MF	Ajdin Hrustic	Heracles Almelo	29	37	4																			
Australia	MF	Connor Metcalfe	FC St. Pauli	26	35	1																			
Australia	MF	Aiden O'Neill	New York City	27	30	0																			
Australia	MF	Paul Okon-Engstler	Sydney FC	21	5	0																			
Australia	MF	Cammy Devlin	Heart of Midlothian	28	4	0																			
Australia	FW	Mathew Leckie	Melbourne City	35	79	14																			
Australia	FW	Awer Mabil	Castellón	30	38	10																			
Australia	FW	Nestory Irankunda	Watford	20	14	5																			
Australia	FW	Mohamed Touré	Norwich City	22	9	2																			
Australia	FW	Nishan Velupillay	Melbourne Victory	25	7	3																			
Australia	FW	Cristian Volpato	Sassuolo	22	0	0																			
Australia	FW	Tete Yengi	Machida Zelvia	25	0	0																			
Paraguay	GK	Gatito Fernández	Cerro Porteño	38	30	0																			
Paraguay	GK	Orlando Gill	San Lorenzo	26	5	0																			
Paraguay	GK	Gastón Olveira	Olimpia	33	1	0																			
Paraguay	DF	Gustavo Velázquez	Cerro Porteño	35	12	1																			
Paraguay	DF	Omar Alderete	Sunderland	29	35	3																			
Paraguay	DF	Juan José Cáceres	Dynamo Moscow	26	16	0																			
Paraguay	DF	Fabián Balbuena	Grêmio	34	47	2																			
Paraguay	DF	Júnior Alonso	Atlético Mineiro	33	70	3																			
Paraguay	DF	José Canale	Lanús	29	1	0																			
Paraguay	DF	Gustavo Gómez	Palmeiras	33	88	4	Captain																		
Paraguay	DF	Alexandro Maidana	Talleres	20	1	0																			
Paraguay	MF	Ramón Sosa	Palmeiras	26	28	1																			
Paraguay	MF	Diego Gómez	Brighton & Hove Albion	23	23	3																			
Paraguay	MF	Miguel Almirón	Atlanta United FC	32	75	9																			
Paraguay	MF	Maurício	Palmeiras	24	2	0																			
Paraguay	MF	Andrés Cubas	Vancouver Whitecaps FC	30	32	0																			
Paraguay	MF	Damián Bobadilla	São Paulo	24	19	1																			
Paraguay	MF	Braian Ojeda	Orlando City SC	25	16	0																			
Paraguay	MF	Matías Galarza	Atlanta United FC	24	14	2																			
Paraguay	MF	Gustavo Caballero	Portsmouth	24	2	1																			
Paraguay	FW	Antonio Sanabria	Cremonese	30	47	7																			
Paraguay	FW	Kaku	Al-Ain	31	32	5																			
Paraguay	FW	Álex Arce	Independiente Rivadavia	30	14	1																			
Paraguay	FW	Julio Enciso	Strasbourg	22	31	4																			
Paraguay	FW	Gabriel Ávalos	Independiente	35	22	2																			
Paraguay	FW	Isidro Pitta	Red Bull Bragantino	26	5	0																			
Turkey	GK	Mert Günok	Fenerbahçe	37	37	0																			
Turkey	GK	Altay Bayındır	Manchester United	28	12	0																			
Turkey	GK	Uğurcan Çakır	Galatasaray	30	38	0																			
Turkey	DF	Zeki Çelik	Roma	29	60	3																			
Turkey	DF	Merih Demiral	Al-Ahli	28	61	6																			
Turkey	DF	Çağlar Söyüncü	Fenerbahçe	30	60	2																			
Turkey	DF	Eren Elmalı	Galatasaray	25	22	0																			
Turkey	DF	Abdülkerim Bardakcı	Galatasaray	31	26	2																			
Turkey	DF	Ozan Kabak	TSG Hoffenheim	26	29	2																			
Turkey	DF	Mert Müldür	Fenerbahçe	27	44	3																			
Turkey	DF	Ferdi Kadıoğlu	Brighton & Hove Albion	26	30	2																			
Turkey	DF	Samet Akaydin	Çaykur Rizespor	32	19	1																			
Turkey	MF	Salih Özcan	Borussia Dortmund	28	29	1																			
Turkey	MF	Orkun Kökçü	Beşiktaş	25	49	4																			
Turkey	MF	Hakan Çalhanoğlu	Inter Milan	32	104	22	Captain																		
Turkey	MF	İsmail Yüksek	Fenerbahçe	27	31	1																			
Turkey	MF	Kaan Ayhan	Galatasaray	31	73	5																			
Turkey	FW	Kerem Aktürkoğlu	Fenerbahçe	27	51	15																			
Turkey	FW	Arda Güler	Real Madrid	21	28	6																			
Turkey	FW	Deniz Gül	Porto	21	7	2																			
Turkey	FW	Kenan Yıldız	Juventus	21	28	5																			
Turkey	FW	İrfan Can Kahveci	Kasımpaşa	30	46	6																			
Turkey	FW	Yunus Akgün	Galatasaray	25	18	3																			
Turkey	FW	Barış Alper Yılmaz	Galatasaray	26	34	3																			
Turkey	FW	Oğuz Aydın	Fenerbahçe	25	10	0																			
Turkey	FW	Can Uzun	Eintracht Frankfurt	20	5	1																			
United States	GK	Matt Turner	New England Revolution	31	54	0																			
United States	GK	Matt Freese	New York City FC	27	14	0																			
United States	GK	Chris Brady	Chicago Fire FC	22	1	0																			
United States	DF	Sergiño Dest	PSV Eindhoven	25	38	3																			
United States	DF	Chris Richards	Crystal Palace	26	36	3																			
United States	DF	Antonee Robinson	Fulham	28	53	4																			
United States	DF	Auston Trusty	Celtic	27	7	0																			
United States	DF	Miles Robinson	FC Cincinnati	29	39	3																			
United States	DF	Tim Ream	Charlotte FC	38	81	1	Captain																		
United States	DF	Alex Freeman	Villarreal	21	16	2																			
United States	DF	Maximilian Arfsten	Columbus Crew	25	19	1																			
United States	DF	Mark McKenzie	Toulouse	27	28	0																			
United States	DF	Joe Scally	Borussia Mönchengladbach	23	25	0																			
United States	MF	Tyler Adams	Bournemouth	27	53	2																			
United States	MF	Giovanni Reyna	Borussia Mönchengladbach	23	37	9																			
United States	MF	Weston McKennie	Juventus	27	65	12																			
United States	MF	Sebastian Berhalter	Vancouver Whitecaps FC	25	12	1																			
United States	MF	Cristian Roldan	Seattle Sounders FC	31	46	0																			
United States	MF	Malik Tillman	Bayer Leverkusen	24	29	3																			
United States	FW	Ricardo Pepi	PSV Eindhoven	23	36	13																			
United States	FW	Christian Pulisic	Milan	27	85	33																			
United States	FW	Brenden Aaronson	Leeds United	25	57	9																			
United States	FW	Haji Wright	Coventry City	28	20	7																			
United States	FW	Folarin Balogun	Monaco	24	26	9																			
United States	FW	Timothy Weah	Marseille	26	50	7																			
United States	FW	Alejandro Zendejas	América	28	14	2																			
Curaçao	GK	Eloy Room	Miami FC	37	70	0																			
Curaçao	GK	Trevor Doornbusch	VVV-Venlo	26	7	0																			
Curaçao	GK	Tyrick Bodak	Telstar	24	4	0																			
Curaçao	DF	Juriën Gaari	Abha	32	58	1																			
Curaçao	DF	Roshon van Eijma	RKC Waalwijk	28	27	1																			
Curaçao	DF	Sherel Floranus	PEC Zwolle	27	26	0																			
Curaçao	DF	Joshua Brenet	Kayserispor	32	17	1																			
Curaçao	DF	Shurandy Sambo	Sparta Rotterdam	24	7	0																			
Curaçao	DF	Armando Obispo	PSV Eindhoven	27	4	0																			
Curaçao	DF	Riechedly Bazoer	Konyaspor	29	3	0																			
Curaçao	DF	Deveron Fonville	NEC	23	0	0																			
Curaçao	MF	Leandro Bacuna	Iğdır	34	70	16	Captain																		
Curaçao	MF	Juninho Bacuna	Volendam	28	47	14																			
Curaçao	MF	Godfried Roemeratoe	RKC Waalwijk	26	26	1																			
Curaçao	MF	Kevin Felida	Den Bosch	26	19	1																			
Curaçao	MF	Livano Comenencia	Zürich	22	18	1																			
Curaçao	MF	Ar'jany Martha	Rotherham United	22	8	2																			
Curaçao	MF	Tyrese Noslin	Telstar	23	5	1																			
Curaçao	FW	Kenji Gorré	Maccabi Haifa	31	37	6																			
Curaçao	FW	Brandley Kuwas	Volendam	33	34	2																			
Curaçao	FW	Gervane Kastaneer	Terengganu	30	27	9																			
Curaçao	FW	Jeremy Antonisse	Kifisia	24	25	3																			
Curaçao	FW	Jearl Margaritha	Beveren	26	21	5																			
Curaçao	FW	Jürgen Locadia	Miami FC	32	12	1																			
Curaçao	FW	Sontje Hansen	Middlesbrough	24	5	1																			
Curaçao	FW	Tahith Chong	Sheffield United	26	4	2																			
Ecuador	GK	Hernán Galíndez	Huracán	39	34	0																			
Ecuador	GK	Moisés Ramírez	Kifisia	25	7	0																			
Ecuador	GK	Gonzalo Valle	LDU Quito	30	3	0																			
Ecuador	DF	Félix Torres	Internacional	29	48	5																			
Ecuador	DF	Piero Hincapié	Arsenal	24	51	3																			
Ecuador	DF	Joel Ordóñez	Club Brugge	22	16	0																			
Ecuador	DF	Willian Pacho	Paris Saint-Germain	24	34	2																			
Ecuador	DF	Pervis Estupiñán	Milan	28	53	4																			
Ecuador	DF	Ángelo Preciado	Atlético Mineiro	28	54	0																			
Ecuador	DF	Jackson Porozo	Tijuana	25	9	1																			
Ecuador	DF	Yaimar Medina	Genk	21	5	0																			
Ecuador	MF	Jordy Alcívar	Independiente del Valle	26	10	1																			
Ecuador	MF	Anthony Valencia	Antwerp	22	2	1																			
Ecuador	MF	Kendry Páez	River Plate	19	25	2																			
Ecuador	MF	Alan Minda	Atlético Mineiro	23	19	2																			
Ecuador	MF	Pedro Vite	UNAM	24	16	1																			
Ecuador	MF	Denil Castillo	Midtjylland	22	5	0																			
Ecuador	MF	Alan Franco	Atlético Mineiro	27	57	1																			
Ecuador	MF	Moisés Caicedo	Chelsea	24	60	3																			
Ecuador	FW	John Yeboah	Venezia	25	22	3																			
Ecuador	FW	Kevin Rodríguez	Union Saint-Gilloise	26	31	2																			
Ecuador	FW	Enner Valencia	Pachuca	36	105	49	Captain																		
Ecuador	FW	Jordy Caicedo	Huracán	28	19	3																			
Ecuador	FW	Gonzalo Plata	Flamengo	25	49	8																			
Ecuador	FW	Nilson Angulo	Sunderland	22	13	1																			
Ecuador	FW	Jeremy Arévalo	VfB Stuttgart	21	3	0																			
Germany	GK	Manuel Neuer	Bayern Munich	40	124	0																			
Germany	GK	Oliver Baumann	TSG Hoffenheim	36	12	0																			
Germany	GK	Alexander Nübel	VfB Stuttgart	29	3	0																			
Germany	DF	Antonio Rüdiger	Real Madrid	33	82	3																			
Germany	DF	Waldemar Anton	Borussia Dortmund	29	12	0																			
Germany	DF	Jonathan Tah	Bayern Munich	30	46	1																			
Germany	DF	Nico Schlotterbeck	Borussia Dortmund	26	26	0																			
Germany	DF	Nathaniel Brown	Eintracht Frankfurt	22	4	0																			
Germany	DF	David Raum	RB Leipzig	28	36	1																			
Germany	DF	Malick Thiaw	Newcastle United	24	5	0																			
Germany	MF	Aleksandar Pavlović	Bayern Munich	22	10	1																			
Germany	MF	Joshua Kimmich	Bayern Munich	31	109	11	Captain																		
Germany	MF	Leon Goretzka	Bayern Munich	31	69	15																			
Germany	MF	Jamie Leweling	VfB Stuttgart	25	4	1																			
Germany	MF	Jamal Musiala	Bayern Munich	23	41	9																			
Germany	MF	Pascal Groß	Brighton & Hove Albion	34	18	1																			
Germany	MF	Angelo Stiller	VfB Stuttgart	25	7	0																			
Germany	MF	Florian Wirtz	Liverpool	23	40	11																			
Germany	MF	Leroy Sané	Galatasaray	30	75	16																			
Germany	MF	Nadiem Amiri	Mainz 05	29	10	1																			
Germany	MF	Felix Nmecha	Borussia Dortmund	25	7	1																			
Germany	MF	Lennart Karl	Bayern Munich	18	3	0																			
Germany	FW	Kai Havertz	Arsenal	27	57	21																			
Germany	FW	Nick Woltemade	Newcastle United	24	11	4																			
Germany	FW	Maximilian Beier	Borussia Dortmund	23	8	0																			
Germany	FW	Deniz Undav	VfB Stuttgart	29	8	6																			
Ivory Coast	GK	Yahia Fofana	Çaykur Rizespor	25	34	0																			
Ivory Coast	GK	Alban Lafont	Panathinaikos	27	4	0																			
Ivory Coast	GK	Mohamed Koné	Charleroi	24	0	0																			
Ivory Coast	DF	Ghislain Konan	Gil Vicente	30	53	0																			
Ivory Coast	DF	Odilon Kossounou	Atalanta	25	35	0																			
Ivory Coast	DF	Wilfried Singo	Galatasaray	25	33	1																			
Ivory Coast	DF	Evan Ndicka	Roma	26	28	0																			
Ivory Coast	DF	Emmanuel Agbadou	Beşiktaş	29	19	2																			
Ivory Coast	DF	Guéla Doué	Strasbourg	23	19	2																			
Ivory Coast	DF	Ousmane Diomande	Sporting CP	22	14	1																			
Ivory Coast	DF	Christopher Opéri	İstanbul Başakşehir	29	11	0																			
Ivory Coast	MF	Franck Kessié	Al-Ahli	29	102	15	Captain																		
Ivory Coast	MF	Jean Michaël Seri	Maribor	34	65	4																			
Ivory Coast	MF	Ibrahim Sangaré	Nottingham Forest	28	57	12																			
Ivory Coast	MF	Seko Fofana	Porto	31	31	7																			
Ivory Coast	MF	Christ Inao Oulaï	Trabzonspor	20	8	0																			
Ivory Coast	MF	Parfait Guiagon	Charleroi	25	5	0																			
Ivory Coast	FW	Nicolas Pépé	Villarreal	31	54	12																			
Ivory Coast	FW	Oumar Diakité	Cercle Brugge	22	28	6																			
Ivory Coast	FW	Simon Adingra	Monaco	24	28	5																			
Ivory Coast	FW	Evann Guessand	Crystal Palace	24	21	4																			
Ivory Coast	FW	Amad Diallo	Manchester United	23	18	5																			
Ivory Coast	FW	Yan Diomande	RB Leipzig	19	9	3																			
Ivory Coast	FW	Bazoumana Touré	TSG Hoffenheim	20	5	2																			
Ivory Coast	FW	Elye Wahi	Nice	23	1	0																			
Ivory Coast	FW	Ange-Yoan Bonny	Inter Milan	22	0	0																			
Japan	GK	Zion Suzuki	Parma	23	23	0																			
Japan	GK	Keisuke Ōsako	Sanfrecce Hiroshima	26	11	0																			
Japan	GK	Tomoki Hayakawa	Kashima Antlers	27	3	0																			
Japan	DF	Yūto Nagatomo	FC Tokyo	39	144	4																			
Japan	DF	Takehiro Tomiyasu	Ajax	27	42	1																			
Japan	DF	Kō Itakura	Ajax	29	39	2																			
Japan	DF	Shōgo Taniguchi	Sint-Truiden	34	37	1																			
Japan	DF	Hiroki Itō	Bayern Munich	27	23	1																			
Japan	DF	Yukinari Sugawara	Werder Bremen	25	20	2																			
Japan	DF	Ayumu Seko	Le Havre	26	13	0																			
Japan	DF	Tsuyoshi Watanabe	Feyenoord	29	10	0																			
Japan	DF	Junnosuke Suzuki	Copenhagen	22	6	0																			
Japan	MF	Wataru Endo	Liverpool	33	72	4	Captain																		
Japan	MF	Junya Itō	Genk	33	68	15																			
Japan	MF	Ritsu Dōan	Eintracht Frankfurt	27	64	11																			
Japan	MF	Daichi Kamada	Crystal Palace	29	49	12																			
Japan	MF	Takefusa Kubo	Real Sociedad	25	48	7																			
Japan	MF	Ao Tanaka	Leeds United	27	37	8																			
Japan	MF	Keito Nakamura	Reims	25	24	10																			
Japan	MF	Kaishū Sano	Mainz 05	25	12	0																			
Japan	FW	Ayase Ueda	Feyenoord	27	38	16																			
Japan	FW	Daizen Maeda	Celtic	28	27	4																			
Japan	FW	Kōki Ogawa	NEC	28	14	10																			
Japan	FW	Yuito Suzuki	SC Freiburg	24	6	0																			
Japan	FW	Keisuke Gotō	Sint-Truiden	21	3	0																			
Japan	FW	Kento Shiogai	VfL Wolfsburg	21	1	0																			
Netherlands	GK	Bart Verbruggen	Brighton & Hove Albion	23	27	0																			
Netherlands	GK	Mark Flekken	Bayer Leverkusen	32	11	0																			
Netherlands	GK	Robin Roefs	Sunderland	23	0	0																			
Netherlands	DF	Virgil van Dijk	Liverpool	34	90	12	Captain																		
Netherlands	DF	Denzel Dumfries	Inter Milan	30	71	11																			
Netherlands	DF	Nathan Aké	Manchester City	31	58	5																			
Netherlands	DF	Jurriën Timber	Arsenal	24	23	0																			
Netherlands	DF	Micky van de Ven	Tottenham Hotspur	25	19	1																			
Netherlands	DF	Mats Wieffer	Brighton & Hove Albion	26	14	1																			
Netherlands	DF	Jan Paul van Hecke	Brighton & Hove Albion	26	10	0																			
Netherlands	DF	Jorrel Hato	Chelsea	20	7	0																			
Netherlands	MF	Frenkie de Jong	Barcelona	29	64	2																			
Netherlands	MF	Marten de Roon	Atalanta	35	42	1																			
Netherlands	MF	Tijjani Reijnders	Manchester City	27	30	7																			
Netherlands	MF	Teun Koopmeiners	Juventus	28	27	3																			
Netherlands	MF	Ryan Gravenberch	Liverpool	24	25	1																			
Netherlands	MF	Justin Kluivert	Bournemouth	27	11	0																			
Netherlands	MF	Quinten Timber	Marseille	24	10	1																			
Netherlands	MF	Guus Til	PSV Eindhoven	28	6	1																			
Netherlands	FW	Memphis Depay	Corinthians	32	108	55																			
Netherlands	FW	Wout Weghorst	Ajax	33	51	14																			
Netherlands	FW	Donyell Malen	Roma	27	51	13																			
Netherlands	FW	Cody Gakpo	Liverpool	27	48	19																			
Netherlands	FW	Noa Lang	Galatasaray	26	15	3																			
Netherlands	FW	Brian Brobbey	Sunderland	24	10	1																			
Netherlands	FW	Crysencio Summerville	West Ham United	24	0	0																			
Sweden	GK	Kristoffer Nordfeldt	AIK	36	20	0																			
Sweden	GK	Viktor Johansson	Stoke City	27	12	0																			
Sweden	GK	Jacob Widell Zetterström	Derby County	27	2	0																			
Sweden	DF	Victor Lindelöf	Aston Villa	31	75	3	Captain																		
Sweden	DF	Isak Hien	Atalanta	27	27	0																			
Sweden	DF	Gabriel Gudmundsson	Leeds United	27	23	0																			
Sweden	DF	Carl Starfelt	Celta Vigo	31	17	0																			
Sweden	DF	Herman Johansson	FC Dallas	28	2	0																			
Sweden	DF	Hjalmar Ekdal	Burnley	27	11	0																			
Sweden	DF	Daniel Svensson	Borussia Dortmund	24	11	0																			
Sweden	DF	Gustaf Lagerbielke	Braga	26	9	2																			
Sweden	DF	Eric Smith	FC St. Pauli	29	0	0																			
Sweden	DF	Elliot Stroud	Mjällby AIF	23	0	0																			
Sweden	MF	Mattias Svanberg	VfL Wolfsburg	27	39	2																			
Sweden	MF	Jesper Karlström	Udinese	30	23	0																			
Sweden	MF	Yasin Ayari	Brighton & Hove Albion	22	19	3																			
Sweden	MF	Lucas Bergvall	Tottenham Hotspur	20	8	0																			
Sweden	MF	Besfort Zeneli	Union Saint-Gilloise	23	6	0																			
Sweden	FW	Alexander Isak	Liverpool	26	56	16																			
Sweden	FW	Viktor Gyökeres	Arsenal	28	32	19																			
Sweden	FW	Ken Sema	Pafos	32	32	5																			
Sweden	FW	Anthony Elanga	Newcastle United	24	28	6																			
Sweden	FW	Benjamin Nygren	Celtic	24	9	3																			
Sweden	FW	Alexander Bernhardsson	Holstein Kiel	27	9	0																			
Sweden	FW	Gustaf Nilsson	Club Brugge	29	8	3																			
Sweden	FW	Taha Ali	Malmö FF	27	1	0																			
Tunisia	GK	Aymen Dahmen	CS Sfaxien	29	37	0																			
Tunisia	GK	Sabri Ben Hessen	Étoile du Sahel	29	2	0																			
Tunisia	GK	Mouhib Chamakh	Club Africain	24	1	0																			
Tunisia	DF	Montassar Talbi	Lorient	28	62	4																			
Tunisia	DF	Dylan Bronn	Servette	30	52	2																			
Tunisia	DF	Ali Abdi	Nice	32	45	7																			
Tunisia	DF	Yan Valery	Young Boys	27	21	0																			
Tunisia	DF	Mohamed Amine Ben Hamida	Espérance de Tunis	30	12	0																			
Tunisia	DF	Moutaz Neffati	IFK Norrköping	21	5	0																			
Tunisia	DF	Omar Rekik	Maribor	24	4	0																			
Tunisia	DF	Adem Arous	Kasımpaşa	21	1	0																			
Tunisia	DF	Raed Chikhaoui	US Monastir	22	0	0																			
Tunisia	MF	Ellyes Skhiri	Eintracht Frankfurt	31	81	4	Captain																		
Tunisia	MF	Hannibal Mejbri	Burnley	23	44	1																			
Tunisia	MF	Anis Ben Slimane	Norwich City	25	39	4																			
Tunisia	MF	Mortadha Ben Ouanes	Kasımpaşa	31	17	0																			
Tunisia	MF	Ismaël Gharbi	FC Augsburg	22	15	2																			
Tunisia	MF	Hadj Mahmoud	Lugano	26	7	0																			
Tunisia	MF	Rani Khedira	Union Berlin	32	2	0																			
Tunisia	FW	Elias Achouri	Copenhagen	27	29	4																			
Tunisia	FW	Firas Chaouat	Club Africain	30	28	6																			
Tunisia	FW	Hazem Mastouri	Dynamo Makhachkala	28	18	4																			
Tunisia	FW	Elias Saad	Hannover 96	26	14	4																			
Tunisia	FW	Sebastian Tounekti	Celtic	23	10	1																			
Tunisia	FW	Khalil Ayari	Paris Saint-Germain	21	2	0																			
Tunisia	FW	Rayan Elloumi	Vancouver Whitecaps FC	18	2	0																			
Belgium	GK	Thibaut Courtois	Real Madrid	34	107	0																			
Belgium	GK	Senne Lammens	Manchester United	23	2	0																			
Belgium	GK	Mike Penders	Strasbourg	20	0	0																			
Belgium	DF	Thomas Meunier	Lille	34	78	10																			
Belgium	DF	Timothy Castagne	Fulham	30	62	2																			
Belgium	DF	Arthur Theate	Eintracht Frankfurt	26	32	1																			
Belgium	DF	Zeno Debast	Sporting CP	22	26	1																			
Belgium	DF	Maxim De Cuyper	Brighton & Hove Albion	25	17	4																			
Belgium	DF	Brandon Mechele	Club Brugge	33	7	1																			
Belgium	DF	Koni De Winter	Milan	23	7	0																			
Belgium	DF	Joaquin Seys	Club Brugge	21	4	0																			
Belgium	DF	Nathan Ngoy	Lille	23	2	0																			
Belgium	MF	Axel Witsel	Girona	37	136	12																			
Belgium	MF	Kevin De Bruyne	Napoli	34	117	36																			
Belgium	MF	Youri Tielemans	Aston Villa	29	83	12	Captain																		
Belgium	MF	Hans Vanaken	Club Brugge	33	32	7																			
Belgium	MF	Amadou Onana	Aston Villa	24	27	1																			
Belgium	MF	Nicolas Raskin	Rangers	25	11	1																			
Belgium	FW	Romelu Lukaku	Napoli	33	124	89																			
Belgium	FW	Leandro Trossard	Arsenal	31	50	11																			
Belgium	FW	Jérémy Doku	Manchester City	24	41	7																			
Belgium	FW	Dodi Lukébakio	Benfica	28	29	5																			
Belgium	FW	Charles De Ketelaere	Atalanta	25	28	5																			
Belgium	FW	Alexis Saelemaekers	Milan	26	23	2																			
Belgium	FW	Diego Moreira	Strasbourg	21	2	0																			
Belgium	FW	Matias Fernandez-Pardo	Lille	21	0	0																			
Egypt	GK	Mohamed El Shenawy	Al Ahly	37	76	0																			
Egypt	GK	Mostafa Shobeir	Al Ahly	26	8	0																			
Egypt	GK	Mohamed Alaa	El Gouna	27	0	0																			
Egypt	GK	El Mahdy Soliman	Zamalek	39	0	0																			
Egypt	DF	Hamdy Fathy	Al-Wakrah	31	62	3																			
Egypt	DF	Ramy Rabia	Al Ain	33	44	5																			
Egypt	DF	Mohamed Hany	Al Ahly	30	41	0																			
Egypt	DF	Ahmed Fatouh	Zamalek	28	38	1																			
Egypt	DF	Mohamed Abdelmonem	Nice	27	35	3																			
Egypt	DF	Yasser Ibrahim	Al Ahly	33	16	1																			
Egypt	DF	Hossam Abdelmaguid	Zamalek	25	13	0																			
Egypt	DF	Karim Hafez	Pyramids	30	8	0																			
Egypt	DF	Tarek Alaa	ZED	24	2	0																			
Egypt	MF	Marwan Attia	Al Ahly	27	33	1																			
Egypt	MF	Emam Ashour	Al Ahly	28	28	0																			
Egypt	MF	Mohanad Lasheen	Pyramids	30	22	0																			
Egypt	MF	Mahmoud Saber	ZED	24	15	1																			
Egypt	MF	Nabil Emad	Al-Najma	30	12	0																			
Egypt	MF	Mostafa Ziko [ar]	Pyramids	29	1	1																			
Egypt	FW	Mohamed Salah	Liverpool	33	116	67	Captain																		
Egypt	FW	Trézéguet	Al Ahly	31	95	23																			
Egypt	FW	Zizo	Al Ahly	30	62	5																			
Egypt	FW	Omar Marmoush	Manchester City	27	48	11																			
Egypt	FW	Ibrahim Adel	Nordsjælland	25	23	3																			
Egypt	FW	Haissem Hassan	Oviedo	24	3	0																			
Egypt	FW	Hamza Abdelkarim	Barcelona B	18	1	0																			
Iran	GK	Max Crocombe	Millwall	32	22	0																			
Iran	GK	Alex Paulsen	Lechia Gdańsk	23	6	0																			
Iran	GK	Michael Woud	Auckland FC	27	6	0																			
Iran	DF	Tim Payne	Wellington Phoenix	32	49	3																			
Iran	DF	Francis de Vries	Auckland FC	31	18	1																			
Iran	DF	Tyler Bindon	Sheffield United	21	23	3																			
Iran	DF	Michael Boxall	Minnesota United FC	37	61	1																			
Iran	DF	Liberato Cacace	Wrexham	25	35	1																			
Iran	DF	Nando Pijnaker	Auckland FC	27	23	0																			
Iran	DF	Finn Surman	Portland Timbers	22	17	2																			
Iran	DF	Callan Elliot	Auckland FC	26	9	0																			
Iran	DF	Tommy Smith	Braintree Town	36	56	2																			
Iran	MF	Joe Bell	Viking	27	31	1																			
Iran	MF	Matthew Garbett	Peterborough United	24	35	5																			
Iran	MF	Marko Stamenić	Swansea City	24	37	3																			
Iran	MF	Sarpreet Singh	Wellington Phoenix	27	26	3																			
Iran	MF	Elijah Just	Motherwell	26	42	9																			
Iran	MF	Alex Rufer	Wellington Phoenix	29	24	0																			
Iran	MF	Ben Old	Saint-Étienne	23	22	2																			
Iran	MF	Callum McCowatt	Silkeborg	27	30	4																			
Iran	MF	Ryan Thomas	PEC Zwolle	31	25	3																			
Iran	MF	Lachlan Bayliss	Newcastle Jets	23	2	0																			
Iran	FW	Chris Wood	Nottingham Forest	34	88	45	Captain																		
Iran	FW	Kosta Barbarouses	Western Sydney Wanderers	36	74	10																			
Iran	FW	Ben Waine	Port Vale	25	30	9																			
Iran	FW	Jesse Randall	Auckland FC	23	9	2																			
New Zealand	GK	Max Crocombe	Millwall	32	22	0																			
New Zealand	DF	Tim Payne	Wellington Phoenix	32	49	3																			
New Zealand	DF	Francis de Vries	Auckland FC	31	18	1																			
New Zealand	DF	Tyler Bindon	Nottingham Forest	21	23	3																			
New Zealand	DF	Michael Boxall	Minnesota United FC	37	61	1																			
New Zealand	MF	Joe Bell	Viking	27	31	1																			
New Zealand	MF	Matthew Garbett	Peterborough United	24	35	5																			
New Zealand	MF	Marko Stamenić	Swansea City	24	37	3																			
New Zealand	FW	Chris Wood	Nottingham Forest	34	88	45	Captain																		
New Zealand	MF	Sarpreet Singh	Wellington Phoenix	27	26	3																			
New Zealand	MF	Elijah Just	Motherwell	26	42	9																			
New Zealand	GK	Alex Paulsen	Lechia Gdańsk	23	6	0																			
New Zealand	DF	Liberato Cacace	Wrexham	25	35	1																			
New Zealand	MF	Alex Rufer	Wellington Phoenix	29	24	0																			
New Zealand	DF	Nando Pijnaker	Auckland FC	27	23	0																			
New Zealand	DF	Finn Surman	Portland Timbers	22	17	2																			
New Zealand	FW	Kosta Barbarouses	Western Sydney Wanderers	36	74	10																			
New Zealand	FW	Ben Waine	Port Vale	25	30	9																			
New Zealand	MF	Ben Old	Saint-Étienne	23	22	2																			
New Zealand	MF	Callum McCowatt	Silkeborg	27	30	4																			
New Zealand	FW	Jesse Randall	Auckland FC	23	9	2																			
New Zealand	GK	Michael Woud	Auckland FC	27	6	0																			
New Zealand	MF	Ryan Thomas	PEC Zwolle	31	25	3																			
New Zealand	DF	Callan Elliot	Auckland FC	26	9	0																			
New Zealand	MF	Lachlan Bayliss	Newcastle Jets	23	2	0																			
New Zealand	DF	Tommy Smith	Braintree Town	36	56	2																			
Cape Verde	GK	Vozinha	Chaves	40	85	0																			
Cape Verde	GK	Márcio Rosa	Montana	29	10	0																			
Cape Verde	GK	CJ dos Santos	San Diego	25	0	0																			
Cape Verde	DF	Stopira	Torreense	38	60	4																			
Cape Verde	DF	Pico	Shamrock Rovers	33	44	0																			
Cape Verde	DF	João Paulo	FCSB	28	40	1																			
Cape Verde	DF	Diney	Al Bataeh	31	29	2																			
Cape Verde	DF	Logan Costa	Villarreal	25	26	0																			
Cape Verde	DF	Steven Moreira	Columbus Crew	31	18	0																			
Cape Verde	DF	Wagner Pina	Trabzonspor	23	12	0																			
Cape Verde	DF	Sidny Lopes Cabral	Benfica	22	8	3																			
Cape Verde	DF	Kelvin Pires	SJK	26	4	1																			
Cape Verde	MF	Jamiro Monteiro	PEC Zwolle	32	53	5																			
Cape Verde	MF	Kevin Pina	Krasnodar	29	30	2																			
Cape Verde	MF	Deroy Duarte	Ludogorets Razgrad	26	30	0																			
Cape Verde	MF	Telmo Arcanjo	Vitória de Guimarães	24	14	1																			
Cape Verde	MF	Laros Duarte	Puskás Akadémia	29	12	0																			
Cape Verde	MF	Yannick Semedo	Farense	30	10	1																			
Cape Verde	FW	Ryan Mendes	Iğdır	36	94	22	Captain																		
Cape Verde	FW	Garry Rodrigues	Apollon Limassol	35	59	9																			
Cape Verde	FW	Willy Semedo	Omonia	32	36	2																			
Cape Verde	FW	Jovane Cabral	Estrela Amadora	27	25	2																			
Cape Verde	FW	Benchimol	Akron Tolyatti	24	21	5																			
Cape Verde	FW	Dailon Livramento	Casa Pia	25	20	7																			
Cape Verde	FW	Hélio Varela	Maccabi Tel Aviv	24	19	0																			
Cape Verde	FW	Nuno da Costa	İstanbul Başakşehir	35	7	1																			
Saudi Arabia	GK	Mohammed Al-Owais	Al-Ula	34	63	0																			
Saudi Arabia	GK	Nawaf Al-Aqidi	Al-Nassr	26	22	0																			
Saudi Arabia	GK	Ahmed Al-Kassar	Al-Qadsiah	35	8	0																			
Saudi Arabia	DF	Saud Abdulhamid	Lens	26	53	1																			
Saudi Arabia	DF	Hassan Al-Tambakti	Al-Hilal	27	51	0																			
Saudi Arabia	DF	Abdulelah Al-Amri	Al-Nassr	29	41	1																			
Saudi Arabia	DF	Nawaf Boushal	Al-Nassr	26	24	0																			
Saudi Arabia	DF	Ali Lajami	Al-Hilal	30	20	1																			
Saudi Arabia	DF	Ali Majrashi	Al-Ahli	26	20	0																			
Saudi Arabia	DF	Hassan Kadesh	Al-Ittihad	33	19	2																			
Saudi Arabia	DF	Moteb Al-Harbi	Al-Hilal	26	11	0																			
Saudi Arabia	DF	Jehad Thakri	Al-Qadsiah	24	6	0																			
Saudi Arabia	DF	Mohammed Abu Al-Shamat	Al-Qadsiah	23	5	0																			
Saudi Arabia	MF	Salem Al-Dawsari	Al-Hilal	34	107	26	Captain																		
Saudi Arabia	MF	Mohamed Kanno	Al-Hilal	31	75	8																			
Saudi Arabia	MF	Nasser Al-Dawsari	Al-Hilal	27	43	0																			
Saudi Arabia	MF	Abdullah Al-Khaibari	Al-Nassr	29	38	0																			
Saudi Arabia	MF	Musab Al-Juwayr	Al-Qadsiah	22	33	6																			
Saudi Arabia	MF	Ayman Yahya	Al-Nassr	25	25	0																			
Saudi Arabia	MF	Ziyad Al-Johani	Al-Ahli	24	11	0																			
Saudi Arabia	MF	Sultan Mandash	Al-Hilal	31	5	1																			
Saudi Arabia	MF	Alaa Al-Hejji	Neom	30	1	0																			
Saudi Arabia	FW	Firas Al-Buraikan	Al-Ahli	26	69	15																			
Saudi Arabia	FW	Saleh Al-Shehri	Al-Ittihad	32	55	18																			
Saudi Arabia	FW	Abdullah Al-Hamdan	Al-Nassr	26	48	11																			
Saudi Arabia	FW	Khalid Al-Ghannam	Al-Ettifaq	25	5	0																			
Spain	GK	Unai Simón	Athletic Bilbao	29	57	0																			
Spain	GK	David Raya	Arsenal	30	12	0																			
Spain	GK	Joan Garcia	Barcelona	25	1	0																			
Spain	DF	Aymeric Laporte	Athletic Bilbao	32	44	2																			
Spain	DF	Marc Cucurella	Chelsea	27	23	1																			
Spain	DF	Marcos Llorente	Atlético Madrid	31	23	0																			
Spain	DF	Eric García	Barcelona	25	19	0																			
Spain	DF	Pedro Porro	Tottenham Hotspur	26	16	0																			
Spain	DF	Álex Grimaldo	Bayer Leverkusen	30	12	0																			
Spain	DF	Pau Cubarsí	Barcelona	19	11	0																			
Spain	DF	Marc Pubill	Atlético Madrid	22	0	0																			
Spain	MF	Rodri	Manchester City	29	61	4	Captain																		
Spain	MF	Mikel Merino	Arsenal	29	41	10																			
Spain	MF	Fabián Ruiz	Paris Saint-Germain	30	41	6																			
Spain	MF	Pedri	Barcelona	23	40	5																			
Spain	MF	Gavi	Barcelona	21	28	5																			
Spain	MF	Martín Zubimendi	Arsenal	27	25	3																			
Spain	MF	Álex Baena	Atlético Madrid	24	15	2																			
Spain	FW	Ferran Torres	Barcelona	26	55	23																			
Spain	FW	Mikel Oyarzabal	Real Sociedad	29	52	24																			
Spain	FW	Dani Olmo	Barcelona	28	48	12																			
Spain	FW	Nico Williams	Athletic Bilbao	23	30	6																			
Spain	FW	Lamine Yamal	Barcelona	18	25	6																			
Spain	FW	Yéremy Pino	Crystal Palace	23	21	4																			
Spain	FW	Borja Iglesias	Celta Vigo	33	6	0																			
Spain	FW	Víctor Muñoz	Osasuna	22	2	1																			
Uruguay	GK	Fernando Muslera	Estudiantes	39	134	0																			
Uruguay	GK	Sergio Rochet	Internacional	33	35	0																			
Uruguay	GK	Santiago Mele	Monterrey	28	8	0																			
Uruguay	DF	José María Giménez	Atlético Madrid	31	99	8	Captain																		
Uruguay	DF	Matías Viña	River Plate	28	43	1																			
Uruguay	DF	Mathías Olivera	Napoli	28	35	2																			
Uruguay	DF	Guillermo Varela	Flamengo	33	28	0																			
Uruguay	DF	Ronald Araújo	Barcelona	27	27	1																			
Uruguay	DF	Sebastián Cáceres	América	26	24	0																			
Uruguay	DF	Joaquín Piquerez	Palmeiras	27	19	0																			
Uruguay	DF	Santiago Bueno	Wolverhampton Wanderers	27	8	0																			
Uruguay	MF	Rodrigo Bentancur	Tottenham Hotspur	28	74	3																			
Uruguay	MF	Federico Valverde	Real Madrid	27	73	9																			
Uruguay	MF	Giorgian de Arrascaeta	Flamengo	32	60	13																			
Uruguay	MF	Facundo Pellistri	Panathinaikos	24	39	2																			
Uruguay	MF	Manuel Ugarte	Manchester United	25	36	1																			
Uruguay	MF	Nicolás de la Cruz	Flamengo	29	34	5																			
Uruguay	MF	Brian Rodríguez	América	26	32	4																			
Uruguay	MF	Maximiliano Araújo	Sporting CP	26	28	3																			
Uruguay	MF	Agustín Canobbio	Fluminense	27	15	1																			
Uruguay	MF	Emiliano Martínez	Palmeiras	26	10	0																			
Uruguay	MF	Rodrigo Zalazar	Braga	26	8	2																			
Uruguay	MF	Juan Manuel Sanabria	Real Salt Lake	26	5	1																			
Uruguay	FW	Darwin Núñez	Al-Hilal	26	38	13																			
Uruguay	FW	Federico Viñas	Oviedo	27	11	2																			
Uruguay	FW	Rodrigo Aguirre	UANL	31	10	3																			
France	GK	Mike Maignan	Milan	30	38	0																			
France	GK	Brice Samba	Rennes	32	4	0																			
France	GK	Robin Risser	Lens	21	0	0																			
France	DF	Lucas Digne	Aston Villa	32	56	0																			
France	DF	Jules Koundé	Barcelona	27	46	0																			
France	DF	Théo Hernandez	Al-Hilal	28	42	2																			
France	DF	Lucas Hernandez	Paris Saint-Germain	30	41	0																			
France	DF	Dayot Upamecano	Bayern Munich	27	36	2																			
France	DF	William Saliba	Arsenal	25	31	0																			
France	DF	Ibrahima Konaté	Liverpool	27	27	0																			
France	DF	Malo Gusto	Chelsea	23	9	0																			
France	DF	Maxence Lacroix	Crystal Palace	26	2	0																			
France	MF	N'Golo Kanté	Fenerbahçe	35	67	2																			
France	MF	Adrien Rabiot	Milan	31	57	7																			
France	MF	Aurélien Tchouaméni	Real Madrid	26	44	3																			
France	MF	Manu Koné	Roma	25	12	0																			
France	MF	Warren Zaïre-Emery	Paris Saint-Germain	20	10	1																			
France	FW	Kylian Mbappé	Real Madrid	27	96	56	Captain																		
France	FW	Ousmane Dembélé	Paris Saint-Germain	29	58	7																			
France	FW	Marcus Thuram	Inter Milan	28	33	3																			
France	FW	Bradley Barcola	Paris Saint-Germain	23	18	3																			
France	FW	Michael Olise	Bayern Munich	24	15	4																			
France	FW	Maghnes Akliouche	Monaco	24	7	1																			
France	FW	Désiré Doué	Paris Saint-Germain	21	6	2																			
France	FW	Rayan Cherki	Manchester City	22	5	1																			
France	FW	Jean-Philippe Mateta	Crystal Palace	28	3	2																			
Iraq	GK	Fahad Talib	Al-Talaba	31	21	0																			
Iraq	GK	Jalal Hassan	Al-Zawraa	35	100	0	Captain																		
Iraq	GK	Ahmed Basil	Al-Shorta	29	14	0																			
Iraq	DF	Rebin Sulaka	Port	34	54	1																			
Iraq	DF	Hussein Ali	Pogoń Szczecin	24	25	1																			
Iraq	DF	Zaid Tahseen	Pakhtakor	25	26	1																			
Iraq	DF	Akam Hashim	Al-Zawraa	27	12	1																			
Iraq	DF	Manaf Younis	Al-Shorta	29	32	1																			
Iraq	DF	Ahmed Yahya	Al-Shorta	30	19	0																			
Iraq	DF	Merchas Doski	Viktoria Plzeň	26	30	0																			
Iraq	DF	Mustafa Saadoon	Al-Shorta	25	15	0																			
Iraq	DF	Frans Putros	Persib	32	26	0																			
Iraq	MF	Youssef Amyn	AEK Larnaca	22	25	2																			
Iraq	MF	Ibrahim Bayesh	Al-Dhafra	26	74	8																			
Iraq	MF	Zidane Iqbal	Utrecht	23	23	2																			
Iraq	MF	Amir Al-Ammari	Cracovia	28	49	3																			
Iraq	MF	Kevin Yakob	AGF	25	7	0																			
Iraq	MF	Aimar Sher	Sarpsborg 08	23	6	0																			
Iraq	MF	Zaid Ismail	Al-Talaba	24	5	0																			
Iraq	FW	Ali Al-Hamadi	Luton Town	24	18	5																			
Iraq	FW	Mohanad Ali	Dibba	25	71	27																			
Iraq	FW	Ahmed Qasem	Nashville SC	22	1	0																			
Iraq	FW	Ali Yousif	Al-Talaba	30	6	1																			
Iraq	FW	Ali Jasim	Al-Najma	22	35	2																			
Iraq	FW	Aymen Hussein	Al-Karma	30	93	33																			
Iraq	FW	Marko Farji	Venezia	22	10	0																			
Norway	GK	Ørjan Nyland	Sevilla	35	69	0																			
Norway	MF	Morten Thorsby	Cremonese	30	30	0																			
Norway	DF	Kristoffer Ajer	Brentford	28	50	2																			
Norway	DF	Leo Østigård	Genoa	26	36	1																			
Norway	DF	David Møller Wolfe	Wolverhampton Wanderers	24	20	1																			
Norway	MF	Patrick Berg	Bodø/Glimt	28	41	0																			
Norway	FW	Alexander Sørloth	Atlético Madrid	30	70	26																			
Norway	MF	Sander Berge	Fulham	28	64	1																			
Norway	FW	Erling Haaland	Manchester City	25	49	55																			
Norway	MF	Martin Ødegaard	Arsenal	27	67	4	Captain																		
Norway	FW	Jørgen Strand Larsen	Crystal Palace	26	26	4																			
Norway	GK	Sander Tangvik	Hamburger SV	23	0	0																			
Norway	GK	Egil Selvik	Watford	28	6	0																			
Norway	MF	Fredrik Aursnes	Benfica	30	20	1																			
Norway	DF	Fredrik André Bjørkan	Bodø/Glimt	27	19	1																			
Norway	DF	Marcus Holmgren Pedersen	Torino	25	31	0																			
Norway	DF	Torbjørn Heggem	Bologna	27	13	0																			
Norway	MF	Kristian Thorstvedt	Sassuolo	27	35	4																			
Norway	MF	Thelo Aasgaard	Rangers	24	6	5																			
Norway	MF	Antonio Nusa	RB Leipzig	21	22	7																			
Norway	MF	Andreas Schjelderup	Benfica	22	10	1																			
Norway	MF	Oscar Bobb	Fulham	22	18	2																			
Norway	MF	Jens Petter Hauge	Bodø/Glimt	26	14	1																			
Norway	DF	Sondre Langås	Derby County	25	2	0																			
Norway	DF	Henrik Falchener	Viking	23	1	0																			
Norway	DF	Julian Ryerson	Borussia Dortmund	28	41	1																			
Senegal	GK	Yehvann Diouf	Nice	26	2	0																			
Senegal	GK	Édouard Mendy	Al-Ahli	34	56	0																			
Senegal	GK	Mory Diaw	Le Havre	32	5	0																			
Senegal	DF	Mamadou Sarr	Chelsea	20	7	0																			
Senegal	DF	Kalidou Koulibaly	Al-Hilal	34	102	2	Captain																		
Senegal	DF	Abdoulaye Seck	Maccabi Haifa	34	22	4																			
Senegal	DF	Ismail Jakobs	Galatasaray	26	29	0																			
Senegal	DF	Krépin Diatta	Monaco	27	60	2																			
Senegal	DF	Moussa Niakhaté	Lyon	30	30	0																			
Senegal	DF	Antoine Mendy	Nice	22	6	0																			
Senegal	DF	El Hadji Malick Diouf	West Ham United	21	19	1																			
Senegal	MF	Idrissa Gueye	Everton	36	130	7																			
Senegal	MF	Pathé Ciss	Rayo Vallecano	32	29	0																			
Senegal	MF	Lamine Camara	Monaco	22	32	7																			
Senegal	MF	Pape Matar Sarr	Tottenham Hotspur	23	39	4																			
Senegal	MF	Habib Diarra	Sunderland	22	20	4																			
Senegal	MF	Bara Sapoko Ndiaye	Bayern Munich	18	1	0																			
Senegal	MF	Pape Gueye	Villarreal	27	41	5																			
Senegal	FW	Assane Diao	Como	20	5	0																			
Senegal	FW	Bamba Dieng	Lorient	26	22	2																			
Senegal	FW	Sadio Mané	Al-Nassr	34	127	55																			
Senegal	FW	Nicolas Jackson	Bayern Munich	24	32	8																			
Senegal	FW	Cherif Ndiaye	Samsunspor	30	18	4																			
Senegal	FW	Iliman Ndiaye	Everton	26	39	4																			
Senegal	FW	Ismaïla Sarr	Crystal Palace	28	82	19																			
Senegal	FW	Ibrahim Mbaye	Paris Saint-Germain	18	10	3																			
Algeria	GK	Luca Zidane	Granada	28	6	0																			
Algeria	GK	Oussama Benbot	USM Alger	31	2	0																			
Algeria	GK	Melvin Mastil	Stade Nyonnais	26	1	0																			
Algeria	DF	Aïssa Mandi	Lille	34	116	7																			
Algeria	DF	Ramy Bensebaini	Borussia Dortmund	31	81	7																			
Algeria	DF	Mohamed Amine Tougai	Espérance de Tunis	26	28	2																			
Algeria	DF	Rayan Aït-Nouri	Manchester City	25	27	0																			
Algeria	DF	Jaouen Hadjam	Young Boys	23	16	3																			
Algeria	DF	Rafik Belghali	Hellas Verona	24	11	1																			
Algeria	DF	Zineddine Belaïd	JS Kabylie	27	9	1																			
Algeria	DF	Achref Abada	USM Alger	26	6	1																			
Algeria	DF	Samir Chergui	Paris FC	27	4	0																			
Algeria	MF	Nabil Bentaleb	Lille	31	58	6																			
Algeria	MF	Ramiz Zerrouki	Twente	28	51	3																			
Algeria	MF	Hicham Boudaoui	Nice	26	32	0																			
Algeria	MF	Farès Chaïbi	Eintracht Frankfurt	23	28	3																			
Algeria	MF	Houssem Aouar	Al-Ittihad	27	19	6																			
Algeria	MF	Ibrahim Maza	Bayer Leverkusen	20	15	2																			
Algeria	MF	Yacine Titraoui	Charleroi	22	5	0																			
Algeria	FW	Riyad Mahrez	Al-Ahli	35	113	38	Captain																		
Algeria	FW	Mohamed Amoura	VfL Wolfsburg	26	44	19																			
Algeria	FW	Amine Gouiri	Marseille	26	21	8																			
Algeria	FW	Anis Hadj Moussa	Feyenoord	24	13	0																			
Algeria	FW	Adil Boulbina	Al-Duhail	23	10	6																			
Algeria	FW	Nadhir Benbouali	Győr	26	2	1																			
Algeria	FW	Farès Ghedjemis	Frosinone	23	1	1																			
Argentina	GK	Juan Musso	Atlético Madrid	32	3	0																			
Argentina	GK	Gerónimo Rulli	Marseille	34	7	0																			
Argentina	GK	Emiliano Martínez	Aston Villa	33	59	0																			
Argentina	DF	Leonardo Balerdi	Marseille	27	11	0																			
Argentina	DF	Nicolás Tagliafico	Lyon	33	75	1																			
Argentina	DF	Gonzalo Montiel	River Plate	29	38	2																			
Argentina	DF	Lisandro Martínez	Manchester United	28	26	1																			
Argentina	DF	Cristian Romero	Tottenham Hotspur	28	49	3																			
Argentina	DF	Nicolás Otamendi	Benfica	38	130	8																			
Argentina	DF	Facundo Medina	Marseille	27	7	0																			
Argentina	DF	Nahuel Molina	Atlético Madrid	28	58	1																			
Argentina	MF	Leandro Paredes	Boca Juniors	31	77	5																			
Argentina	MF	Rodrigo De Paul	Inter Miami CF	32	85	2																			
Argentina	MF	Valentín Barco	Strasbourg	21	2	1																			
Argentina	MF	Giovani Lo Celso	Real Betis	30	65	4																			
Argentina	MF	Exequiel Palacios	Bayer Leverkusen	27	38	0																			
Argentina	MF	Alexis Mac Allister	Liverpool	27	44	6																			
Argentina	MF	Enzo Fernández	Chelsea	25	40	6																			
Argentina	FW	Julián Alvarez	Atlético Madrid	26	51	14																			
Argentina	FW	Lionel Messi	Inter Miami CF	38	198	116	Captain																		
Argentina	FW	Nicolás González	Atlético Madrid	28	50	6																			
Argentina	FW	Thiago Almada	Atlético Madrid	25	14	4																			
Argentina	FW	Giuliano Simeone	Atlético Madrid	23	11	1																			
Argentina	FW	Nico Paz	Como	21	8	1																			
Argentina	FW	José Manuel López	Palmeiras	25	3	0																			
Argentina	FW	Lautaro Martínez	Inter Milan	28	75	36																			
Austria	GK	Alexander Schlager	Red Bull Salzburg	30	25	0																			
Austria	DF	David Affengruber	Elche	25	1	0																			
Austria	DF	Kevin Danso	Tottenham Hotspur	27	31	0																			
Austria	MF	Xaver Schlager	RB Leipzig	28	50	4																			
Austria	DF	Stefan Posch	Mainz 05	29	51	5																			
Austria	MF	Nicolas Seiwald	RB Leipzig	25	46	1																			
Austria	FW	Marko Arnautović	Red Star Belgrade	37	132	47																			
Austria	DF	David Alaba	Real Madrid	33	112	15	Captain																		
Austria	MF	Marcel Sabitzer	Borussia Dortmund	32	97	25																			
Austria	MF	Florian Grillitsch	Braga	30	58	1																			
Austria	FW	Michael Gregoritsch	FC Augsburg	32	74	24																			
Austria	GK	Florian Wiegele	Viktoria Plzeň	25	1	0																			
Austria	GK	Patrick Pentz	Brøndby	29	18	0																			
Austria	FW	Saša Kalajdžić	LASK	28	21	4																			
Austria	DF	Philipp Lienhart	SC Freiburg	29	40	3																			
Austria	DF	Phillipp Mwene	Mainz 05	32	29	0																			
Austria	MF	Carney Chukwuemeka	Borussia Dortmund	22	2	1																			
Austria	MF	Romano Schmid	Werder Bremen	26	33	3																			
Austria	MF	Christoph Baumgartner	RB Leipzig	26	58	19																			
Austria	MF	Konrad Laimer	Bayern Munich	29	56	7																			
Austria	MF	Patrick Wimmer	VfL Wolfsburg	25	30	1																			
Austria	DF	Alexander Prass	TSG Hoffenheim	25	18	0																			
Austria	DF	Marco Friedl	Werder Bremen	28	10	0																			
Austria	MF	Paul Wanner	PSV Eindhoven	20	2	0																			
Austria	DF	Michael Svoboda	Venezia	27	4	0																			
Austria	MF	Alessandro Schöpf	Wolfsberger AC	32	35	6																			
Jordan	GK	Yazeed Abulaila	Al-Hussein	33	75	0																			
Jordan	GK	Nour Bani Attiah	Al-Faisaly	33	4	0																			
Jordan	GK	Abdallah Al-Fakhouri	Al-Wehdat	26	11	0																			
Jordan	DF	Mohammad Abu Hashish	Al-Karma	31	55	1																			
Jordan	DF	Abdallah Nasib	Al-Zawraa	32	64	3																			
Jordan	DF	Husam Abu Dahab	Al-Faisaly	26	17	0																			
Jordan	DF	Yazan Al-Arab	FC Seoul	30	79	3																			
Jordan	DF	Mo Abualnadi	Selangor	25	17	0																			
Jordan	DF	Salim Obaid	Al-Hussein	34	10	0																			
Jordan	DF	Saed Al-Rosan	Al-Hussein	29	20	2																			
Jordan	DF	Ihsan Haddad	Al-Hussein	32	91	2	Captain																		
Jordan	DF	Anas Badawi	Al-Faisaly	28	1	0																			
Jordan	MF	Amer Jamous	Al-Zawraa	23	18	1																			
Jordan	MF	Noor Al-Rawabdeh	Selangor	29	67	3																			
Jordan	MF	Rajaei Ayed	Al-Hussein	32	72	0																			
Jordan	MF	Ibrahim Sadeh	Al-Karma	26	56	3																			
Jordan	MF	Mohannad Abu Taha	Al-Quwa Al-Jawiya	23	28	1																			
Jordan	MF	Nizar Al-Rashdan	Qatar SC	27	46	4																			
Jordan	MF	Mohammad Al-Dawoud	Al-Wehdat	34	12	1																			
Jordan	FW	Mohammad Abu Zrayq	Raja Casablanca	28	40	5																			
Jordan	FW	Ali Olwan	Al-Sailiya	26	65	29																			
Jordan	FW	Musa Al-Taamari	Rennes	29	91	24																			
Jordan	FW	Odeh Al-Fakhouri	Pyramids	20	9	1																			
Jordan	FW	Mahmoud Al-Mardi	Al-Hussein	32	88	9																			
Jordan	FW	Ibrahim Sabra	Lokomotiva Zagreb	20	9	1																			
Jordan	FW	Ali Azaizeh	Al-Shabab	22	3	0																			
Colombia	GK	David Ospina	Atlético Nacional	37	129	0																			
Colombia	GK	Camilo Vargas	Atlas	37	40	0																			
Colombia	GK	Álvaro Montero	Vélez Sarsfield	31	11	0																			
Colombia	DF	Davinson Sánchez	Galatasaray	29	77	3																			
Colombia	DF	Santiago Arias	Independiente	34	66	0																			
Colombia	DF	Yerry Mina	Cagliari	31	52	8																			
Colombia	DF	Daniel Muñoz	Crystal Palace	30	44	3																			
Colombia	DF	Johan Mojica	Mallorca	33	43	1																			
Colombia	DF	Jhon Lucumí	Bologna	27	35	1																			
Colombia	DF	Deiver Machado	Nantes	32	14	0																			
Colombia	DF	Willer Ditta	Cruz Azul	29	3	0																			
Colombia	MF	James Rodríguez	Minnesota United FC	34	124	31	Captain																		
Colombia	MF	Jefferson Lerma	Crystal Palace	31	64	5																			
Colombia	MF	Juan Fernando Quintero	River Plate	33	47	6																			
Colombia	MF	Jhon Arias	Palmeiras	28	36	4																			
Colombia	MF	Richard Ríos	Benfica	26	30	2																			
Colombia	MF	Kevin Castaño	River Plate	25	24	0																			
Colombia	MF	Jorge Carrascal	Flamengo	28	22	2																			
Colombia	MF	Jaminton Campaz	Rosario Central	26	9	1																			
Colombia	MF	Juan Portilla	Athletico Paranaense	27	8	0																			
Colombia	MF	Gustavo Puerta	Racing Santander	22	4	1																			
Colombia	FW	Luis Díaz	Bayern Munich	29	72	21																			
Colombia	FW	Jhon Córdoba	Krasnodar	33	21	6																			
Colombia	FW	Luis Suárez	Sporting CP	28	10	4																			
Colombia	FW	Cucho Hernández	Real Betis	27	7	2																			
Colombia	FW	Andrés Gómez	Vasco da Gama	23	6	2																			
DR Congo	GK	Lionel Mpasi	Le Havre	31	27	0																			
DR Congo	GK	Timothy Fayulu	Noah	26	3	0																			
DR Congo	GK	Matthieu Epolo	Standard Liège	21	1	0																			
DR Congo	DF	Chancel Mbemba	Lille	31	107	7	Captain																		
DR Congo	DF	Arthur Masuaku	Lens	32	44	4																			
DR Congo	DF	Gédéon Kalulu	Aris Limassol	28	27	0																			
DR Congo	DF	Joris Kayembe	Genk	31	24	0																			
DR Congo	DF	Dylan Batubinsika	AEL	30	14	1																			
DR Congo	DF	Axel Tuanzebe	Burnley	28	12	1																			
DR Congo	DF	Aaron Wan-Bissaka	West Ham United	28	10	0																			
DR Congo	MF	Aaron Tshibola	Kilmarnock	31	16	1																			
DR Congo	DF	Steve Kapuadi	Widzew Łódź	28	3	0																			
DR Congo	MF	Meschak Elia	Alanyaspor	28	68	12																			
DR Congo	MF	Samuel Moutoussamy	Atromitos	29	56	0																			
DR Congo	MF	Edo Kayembe	Watford	28	41	2																			
DR Congo	MF	Théo Bongonda	Spartak Moscow	30	37	7																			
DR Congo	MF	Charles Pickel	Espanyol	29	33	1																			
DR Congo	MF	Gaël Kakuta	AEL	34	30	5																			
DR Congo	MF	Noah Sadiki	Sunderland	21	18	0																			
DR Congo	MF	Nathanaël Mbuku	Montpellier	24	17	2																			
DR Congo	MF	Ngal'ayel Mukau	Lille	21	12	0																			
DR Congo	MF	Brian Cipenga	Castellón	28	7	0																			
DR Congo	FW	Cédric Bakambu	Real Betis	35	68	21																			
DR Congo	FW	Fiston Mayele	Pyramids	31	37	6																			
DR Congo	FW	Yoane Wissa	Newcastle United	29	36	9																			
DR Congo	FW	Simon Banza	Al Jazira	29	14	2																			
Portugal	GK	Diogo Costa	Porto	26	42	0																			
Portugal	GK	José Sá	Wolverhampton Wanderers	33	4	0																			
Portugal	GK	Rui Silva	Sporting CP	32	2	0																			
Portugal	DF	Rúben Dias	Manchester City	29	74	3																			
Portugal	DF	João Cancelo	Barcelona	32	66	12																			
Portugal	DF	Nélson Semedo	Fenerbahçe	32	48	0																			
Portugal	DF	Nuno Mendes	Paris Saint-Germain	23	43	1																			
Portugal	DF	Diogo Dalot	Manchester United	27	33	3																			
Portugal	DF	Gonçalo Inácio	Sporting CP	24	20	2																			
Portugal	DF	Matheus Nunes	Manchester City	27	19	2																			
Portugal	DF	Renato Veiga	Villarreal	22	11	1																			
Portugal	DF	Tomás Araújo	Benfica	24	3	0																			
Portugal	MF	Bernardo Silva	Manchester City	31	107	14																			
Portugal	MF	Bruno Fernandes	Manchester United	31	87	28																			
Portugal	MF	Rúben Neves	Al-Hilal	29	65	1																			
Portugal	MF	Vitinha	Paris Saint-Germain	26	37	0																			
Portugal	MF	João Neves	Paris Saint-Germain	21	21	3																			
Portugal	MF	Samú Costa	Mallorca	25	4	0																			
Portugal	FW	Cristiano Ronaldo	Al-Nassr	41	226	143	Captain																		
Portugal	FW	João Félix	Al-Nassr	26	52	12																			
Portugal	FW	Rafael Leão	Milan	27	43	5																			
Portugal	FW	Gonçalo Guedes	Real Sociedad	29	33	7																			
Portugal	FW	Gonçalo Ramos	Paris Saint-Germain	24	24	10																			
Portugal	FW	Pedro Neto	Chelsea	26	23	2																			
Portugal	FW	Francisco Trincão	Sporting CP	26	17	3																			
Portugal	FW	Francisco Conceição	Juventus	23	15	3																			
Uzbekistan	GK	Utkir Yusupov	Navbahor Namangan	35	39	0																			
Uzbekistan	GK	Abduvohid Nematov	Nasaf	25	8	0																			
Uzbekistan	GK	Botirali Ergashev	Neftchi Fergana	30	2	0																			
Uzbekistan	DF	Abdukodir Khusanov	Manchester City	22	26	0																			
Uzbekistan	DF	Khojiakbar Alijonov	Pakhtakor	29	40	2																			
Uzbekistan	DF	Farrukh Sayfiev	Neftchi Fergana	35	45	1																			
Uzbekistan	DF	Rustam Ashurmatov	Esteghlal	29	48	1																			
Uzbekistan	DF	Sherzod Nasrullaev	Nasaf	27	30	2																			
Uzbekistan	DF	Umar Eshmurodov	Nasaf	33	29	0																			
Uzbekistan	DF	Abdulla Abdullaev	Dibba	28	17	0																			
Uzbekistan	DF	Bekhruz Karimov	Surkhon Termiz	18	2	0																			
Uzbekistan	DF	Avazbek Ulmasaliev	AGMK	26	0	0																			
Uzbekistan	DF	Jakhongir Urozov	Dinamo Samarqand	22	3	0																			
Uzbekistan	MF	Akmal Mozgovoy	Pakhtakor	27	24	1																			
Uzbekistan	MF	Otabek Shukurov	Baniyas	29	83	9																			
Uzbekistan	MF	Jamshid Iskanderov	Neftchi Fergana	32	37	4																			
Uzbekistan	MF	Odiljon Hamrobekov	Tractor	30	72	1																			
Uzbekistan	MF	Jaloliddin Masharipov	Esteghlal	32	74	12																			
Uzbekistan	MF	Oston Urunov	Persepolis	25	41	10																			
Uzbekistan	MF	Dostonbek Khamdamov	Pakhtakor	29	33	5																			
Uzbekistan	MF	Azizjon Ganiev	Al-Bataeh	28	19	0																			
Uzbekistan	MF	Abbosbek Fayzullaev	İstanbul Başakşehir	22	31	8																			
Uzbekistan	MF	Sherzod Esanov	Bukhara	23	1	0																			
Uzbekistan	FW	Eldor Shomurodov	İstanbul Başakşehir	30	91	44	Captain																		
Uzbekistan	FW	Azizbek Amonov	Dinamo Samarqand	28	12	2																			
Uzbekistan	FW	Igor Sergeev	Persepolis	33	82	24																			
Croatia	GK	Dominik Livaković	Dinamo Zagreb	31	73	0																			
Croatia	GK	Dominik Kotarski	Copenhagen	26	3	0																			
Croatia	GK	Ivor Pandur	Hull City	26	0	0																			
Croatia	DF	Joško Gvardiol	Manchester City	24	46	4																			
Croatia	DF	Duje Ćaleta-Car	Real Sociedad	29	38	1																			
Croatia	DF	Josip Šutalo	Ajax	26	31	0																			
Croatia	DF	Josip Stanišić	Bayern Munich	26	29	0																			
Croatia	DF	Marin Pongračić	Fiorentina	28	18	0																			
Croatia	DF	Martin Erlić	Midtjylland	28	12	1																			
Croatia	DF	Luka Vušković	Hamburger SV	19	4	1																			
Croatia	MF	Luka Modrić	Milan	40	196	28	Captain																		
Croatia	MF	Mateo Kovačić	Manchester City	32	111	5																			
Croatia	MF	Mario Pašalić	Atalanta	31	83	11																			
Croatia	MF	Nikola Vlašić	Torino	28	61	10																			
Croatia	MF	Luka Sučić	Real Sociedad	23	19	1																			
Croatia	MF	Martin Baturina	Como	23	17	1																			
Croatia	MF	Kristijan Jakić	FC Augsburg	29	16	2																			
Croatia	MF	Petar Sučić	Inter Milan	22	15	1																			
Croatia	MF	Nikola Moro	Bologna	28	9	0																			
Croatia	MF	Toni Fruk	Rijeka	25	7	1																			
Croatia	FW	Ivan Perišić	PSV Eindhoven	37	152	38																			
Croatia	FW	Andrej Kramarić	TSG Hoffenheim	34	114	36																			
Croatia	FW	Ante Budimir	Osasuna	34	36	6																			
Croatia	FW	Marco Pašalić	Orlando City	25	13	1																			
Croatia	FW	Petar Musa	FC Dallas	28	10	1																			
Croatia	FW	Igor Matanović	SC Freiburg	23	8	2																			
England	GK	Jordan Pickford	Everton	32	82	0																			
England	GK	Dean Henderson	Crystal Palace	29	4	0																			
England	GK	James Trafford	Manchester City	23	1	0																			
England	DF	John Stones	Manchester City	32	87	3																			
England	DF	Marc Guéhi	Manchester City	25	27	1																			
England	DF	Reece James	Chelsea	26	22	1																			
England	DF	Ezri Konsa	Aston Villa	28	18	1																			
England	DF	Dan Burn	Newcastle United	34	6	0																			
England	DF	Tino Livramento	Newcastle United	23	5	0																			
England	DF	Djed Spence	Tottenham Hotspur	25	4	0																			
England	DF	Nico O'Reilly	Manchester City	21	3	0																			
England	DF	Jarell Quansah	Bayer Leverkusen	23	1	0																			
England	MF	Jordan Henderson	Brentford	35	89	3																			
England	MF	Declan Rice	Arsenal	27	72	6																			
England	MF	Jude Bellingham	Real Madrid	22	46	6																			
England	MF	Morgan Rogers	Aston Villa	23	13	1																			
England	MF	Kobbie Mainoo	Manchester United	21	12	0																			
England	MF	Elliot Anderson	Nottingham Forest	23	7	0																			
England	FW	Harry Kane	Bayern Munich	32	112	78	Captain																		
England	FW	Marcus Rashford	Barcelona	28	70	18																			
England	FW	Bukayo Saka	Arsenal	24	48	14																			
England	FW	Ollie Watkins	Aston Villa	30	20	6																			
England	FW	Anthony Gordon	Newcastle United	25	17	2																			
England	FW	Eberechi Eze	Arsenal	27	16	3																			
England	FW	Noni Madueke	Arsenal	24	10	1																			
England	FW	Ivan Toney	Al-Ahli	30	7	1																			
Ghana	GK	Lawrence Ati-Zigi	St. Gallen	29	28	0																			
Ghana	GK	Joseph Anang	St Patrick's Athletic	26	1	0																			
Ghana	GK	Benjamin Asare	Hearts of Oak	33	10	0																			
Ghana	DF	Alidu Seidu	Rennes	26	23	1																			
Ghana	DF	Jonas Adjetey	VfL Wolfsburg	22	9	0																			
Ghana	DF	Abdul Mumin	Rayo Vallecano	28	4	0																			
Ghana	DF	Gideon Mensah	Auxerre	27	39	0																			
Ghana	DF	Abdul Rahman Baba	PAOK	31	52	1																			
Ghana	DF	Jerome Opoku	İstanbul Başakşehir	27	10	1																			
Ghana	DF	Kojo Peprah Oppong	Nice	22	4	0																			
Ghana	DF	Derrick Luckassen	Pafos	30	1	0																			
Ghana	DF	Marvin Senaya	Auxerre	25	1	0																			
Ghana	MF	Caleb Yirenkyi	Nordsjælland	20	10	0																			
Ghana	MF	Thomas Partey	Villarreal	32	56	15																			
Ghana	MF	Kwasi Sibo	Oviedo	27	7	0																			
Ghana	MF	Antoine Semenyo	Manchester City	26	34	3																			
Ghana	MF	Elisha Owusu	Auxerre	28	19	0																			
Ghana	MF	Augustine Boakye	Saint-Étienne	25	0	0																			
Ghana	FW	Abdul Fatawu	Leicester City	22	27	3																			
Ghana	FW	Jordan Ayew	Leicester City	34	117	33	Captain																		
Ghana	FW	Brandon Thomas-Asante	Coventry City	27	7	1																			
Ghana	FW	Christopher Bonsu Baah	Al-Qadsiah	21	8	0																			
Ghana	FW	Iñaki Williams	Athletic Bilbao	31	25	2																			
Ghana	FW	Kamaldeen Sulemana	Atalanta	24	27	1																			
Ghana	FW	Ernest Nuamah	Lyon	22	18	4																			
Ghana	FW	Prince Kwabena Adu	Viktoria Plzeň	22	4	0																			
Panama	GK	Luis Mejía	Nacional	35	56	0																			
Panama	GK	Orlando Mosquera	Al-Fayha	31	47	0																			
Panama	GK	César Samudio	Marathón	32	4	0																			
Panama	DF	Eric Davis	Plaza Amador	35	105	9																			
Panama	DF	Fidel Escobar	Saprissa	31	97	4																			
Panama	DF	Michael Amir Murillo	Beşiktaş	30	92	9																			
Panama	DF	Roderick Miller	Turan Tovuz	34	49	2																			
Panama	DF	Andrés Andrade	LASK	27	48	1																			
Panama	DF	César Blackman	Slovan Bratislava	28	38	3																			
Panama	DF	José Córdoba	Norwich City	25	31	1																			
Panama	DF	Jiovany Ramos	Puerto Cabello	29	21	1																			
Panama	DF	Jorge Gutiérrez	Deportivo La Guaira	27	17	0																			
Panama	DF	Edgardo Fariña	Pari Nizhny Novgorod	24	16	0																			
Panama	MF	Aníbal Godoy	San Diego FC	36	159	4	Captain																		
Panama	MF	Alberto Quintero	Plaza Amador	38	140	7																			
Panama	MF	Yoel Bárcenas	Mazatlán	32	102	10																			
Panama	MF	Adalberto Carrasquilla	UNAM	27	73	3																			
Panama	MF	José Luis Rodríguez	Juárez	27	68	8																			
Panama	MF	Cristian Martínez	Ironi Kiryat Shmona	29	64	2																			
Panama	MF	César Yanis	Cobresal	30	55	5																			
Panama	MF	Carlos Harvey	Minnesota United FC	26	26	3																			
Panama	MF	Azarias Londoño	Universidad Católica	24	10	0																			
Panama	FW	José Fajardo	Universidad Católica	32	66	17																			
Panama	FW	Ismael Díaz	León	29	55	17																			
Panama	FW	Cecilio Waterman	Universidad de Concepción	35	53	14																			
Panama	FW	Tomás Rodríguez	Saprissa	27	12	3																			
																									
																									
																									
																									
																									
																									
																									
																									
																									
																									
																									
																									
																									
																									
																									
																									
																									
																									
																									
																									
																									
																									
																									
																									
																									
																									
																									
																									
																									
																									
																									
																									
																									
																									
																									
																									
																									
																									
																									
																									
																									
																									
																									
																									
																									
																									
																									
																									
																									
																									
																									
																									
																									
																									
																									
																									
																									
																									
																									
																									
																									
																									
																									
																									
																									
																									
																									
																									
																									
																									
																									
																									
																									
																									
																									
																									
																									
																									
																									
																									
																									
																									
																									
																									
																									
																									
																									
																									
																									
																									
																									
																									
																									
																									
																									
																									
																									
																									
																									
																									
																									
																									
																									
																									
																									
																									
																									
																									
																									
																									
																									
																									
																									
																									
																									
																									
																									
																									
																									
																									
																									
																									
																									
																									
																									
																									
																									
																									
																									
																									
																									
																									
																									
																									
																									
																									
																									
																									
																									
																									
																									
																									
																									
																									
																									
																									
																									
																									
																									
																									
																									
																									
																									
																									
																									
																									
																									
																									
																									
																									
																									
																									
																									
																									
																									
																									
																									
																									
																									
																									
																									
																									
																									
																									
																									
																									
																									
																									
																									
																									
																									
																									
																									
																									
																									
																									
																									
																									
																									
																									
																									
																									
																									
																									
																									
																									
																									
																									
																									
																									
																									
																									
																									
																									
																									
																									
																									
																									
																									
																									
																									
																									
																									
																									
																									
																									
																									
																									
																									
																									
																									
																									
																									
																									
																									
																									
																									
																									
																									
																									
																									
																									
																									
																									
																									
																									
																									
																									
																									
																									
																									
																									
																									
																									
																									
																									
																									
																									
																									
																									
																									
																									
																									
																									
																									
																									
																									
																									
																									
																									
																									
																									
																									
																									
																									
																									
																									
																									
																									
																									
																									
																									
																									
																									
																									
																									
																									
																									
																									
																									
																									
																									
																									
																									
																									
																									
																									
																									
																									
																									
																									
																									
																									
																									
																									
																									
																									
																									
																									
																									
																									
																									
																									
																									
																									
																									
																									
																									
																									
																									
																									
																									
																									
																									
																									
																									
																									
																									
																									
																									
																									
																									
																									
																									
																									
																									
																									
																									
																									
																									
																									
																									
																									
																									
																									
																									
																									
																									
																									
																									
																									
																									
																									
																									
																									
																									
																									
																									
																									
																									
																									
																									
																									
																									
																									
																									
																									
																									
																									
																									
																									
																									
																									
																									
																									
																									
																									
																									
																									
																									
																									
																									
																									
																									
																									
																									
																									
																									
																									
																									
																									
																									
																									
																									
																									
																									
																									
																									
																									
																									
																									
																									
																									
																									
																									
																									
																									
																									
																									
																									
																									
																									
																									
																									
																									
																									
																									
																									
																									
																									
																									
																									
																									
																									
																									
																									
																									
																									
																									
																									
																									
																									
																									
																									
																									
																									
																									
																									
																									
																									
																									
																									
																									
																									
																									
																									
																									
																									
																									
																									
																									
																									
																									
																									
																									
																									
																									
																									
																									
																									
																									
																									
																									
																									
																									
																									
																									
																									
																									
																									
																									
																									
																									
																									
																									
																									
																									
																									
																									
																									
																									
																									
																									
																									
																									
																									
																									
																									
																									
																									
																									
																									
																									
																									
																									
																									
																									
																									
																									
																									
																									
																									
																									
																									
																									
																									
																									
																									
																									
																									
																									
																									
																									
																									
																									
																									
																									
																									
																									
																									
																									
																									
																									
																									
																									
																									
																									
																									
																									
																									
																									
																									
																									
																									
																									
																									
																									
																									
																									
																									
																									
																									
																									
																									
																									
																									
																									
																									
																									
																									
																									
																									
																									
																									
																									
																									
																									
																									
																									
																									
																									
																									
																									
																									
																									
																									
																									
																									
																									
																									
																									
																									
																									
																									
																									
																									
																									
																									
																									
																									
																									
																									
																									
																									
																									
																									
																									
																									
																									
																									
																									
																									
																									
																									
																									
																									
																									
																									
																									
																									
																									
																									
																									
																									
																									
																									
																									
																									
																									
																									
																									
																									
																									
																									
																									
																									
																									
																									
																									
																									
																									
																									
																									
																									
																									
																									
																									
																									
																									
																									
																									
																									
																									
																									
																									
																									
																									
																									
																									
																									
																									
																									
																									
																									
																									
																									
																									
																									
																									
																									
																									
																									
																									
																									
																									
																									
																									
																									
																									
																									
																									
																									
																									
																									
																									
																									
																									
																									
																									
																									
																									
																									
																									
																									
																									
																									
																									
																									
																									
																									
																									
																									
																									
																									
																									
																									
																									
																									
																									
																									
																									
																									
																									
																									
																									
																									
																									
																									
																									
																									
																									
																									
																									
																									
																									
																									
																									
																									
																									
																									
																									
																									
																									
																									
																									
																									
																									
																									
																									
																									
																									
																									
																									
																									
																									
																									
																									
																									
																									
																									
																									
																									
																									
																									
																									
																									
																									
																									
																									
																									
																									
																									
																									
																									
																									
																									
																									
																									
																									
																									
																									
																									
																									
																									
																									
																									
																									
																									
																									
																									
																									
																									
																									
